Asp Ratio,Form Factor,Narrow Factor,Rect,PRD,PRLW,Class
10.76907177,0.018877349,1.019752767,0.396700129,3.453140883,3.222146257,pubescent bamboo
7.297582955,0.025591429,1.120402173,0.439170131,3.116541165,3.070960622,pubescent bamboo
10.16696316,0.015916852,0.995325121,0.425123542,3.830480347,3.471157902,pubescent bamboo
8.2698936,0.019181482,0.953527333,0.437671501,3.980170534,3.385789855,pubescent bamboo
9.635689692,0.01691886,1.030510126,0.432172631,3.6558819,3.413198682,pubescent bamboo
6.391567644,0.025916011,1.099442928,0.492669189,3.183917709,3.026950775,pubescent bamboo
5.172962641,0.027639392,0.891220573,0.482562783,4.271731704,3.190324539,pubescent bamboo
5.09676613,0.034977969,1.004312345,0.463173439,3.465091671,2.909234304,pubescent bamboo
5.090256339,0.032738011,0.846996846,0.471858427,4.210332322,2.98059007,pubescent bamboo
6.658752304,0.021654256,1.036729094,0.472972043,3.693591905,3.329270113,pubescent bamboo
6.32787289,0.024626687,1.022084557,0.457345166,3.66487574,3.234639607,pubescent bamboo
11.37172555,0.016478501,1.156100236,0.422222433,3.075118245,3.267784454,pubescent bamboo
10.17621433,0.019297048,1.117523161,0.425881744,3.094285612,3.148534486,pubescent bamboo
5.971035083,0.024062967,0.982566942,0.453452936,3.987239698,3.355728741,pubescent bamboo
5.640164755,0.026302644,0.897849624,0.482914212,4.161173274,3.173454975,pubescent bamboo
9.828029683,0.019181189,1.045355016,0.412674034,3.429743367,3.254186615,pubescent bamboo
8.75738032,0.020969012,0.980219942,0.417250507,3.68554688,3.242398959,pubescent bamboo
5.481828851,0.02546141,0.928826087,0.479087429,4.163458531,3.270518126,pubescent bamboo
8.151113413,0.017089501,0.945027949,0.470473733,4.133467219,3.479382292,pubescent bamboo
5.782567918,0.02423897,0.9841194,0.484754303,3.898288014,3.270757207,pubescent bamboo
6.138072635,0.02185503,0.924989754,0.484165752,4.242035767,3.374133863,pubescent bamboo
8.145934333,0.018442226,0.994082403,0.423466627,3.988328239,3.531230814,pubescent bamboo
5.960491734,0.019755031,0.966731985,0.481357652,4.344902891,3.596899719,pubescent bamboo
11.10934437,0.0141998,1.005988022,0.421826907,3.853494283,3.556438706,pubescent bamboo
5.272933631,0.023303704,1.02073948,0.497166768,3.963651059,3.400884944,pubescent bamboo
5.435031644,0.02563484,1.014633097,0.478755632,3.816081853,3.27022848,pubescent bamboo
6.81091217,0.020386659,1.016262177,0.434582946,4.005735123,3.549698901,pubescent bamboo
6.974231483,0.020750354,0.99402034,0.4385563,3.993292438,3.471633785,pubescent bamboo
4.957893221,0.028613655,1.259177309,0.457469011,3.117432235,3.266542886,pubescent bamboo
4.489848411,0.029746442,0.982806681,0.492931496,3.965566767,3.187459623,pubescent bamboo
3.010700511,0.046102238,1.04122877,0.440844387,3.882544137,3.034658909,chinese horse chestnut
2.786121278,0.045485581,0.970843439,0.45099856,4.308502388,3.078088015,chinese horse chestnut
2.843010128,0.041537155,1.062999588,0.468626512,3.998949317,3.144748177,chinese horse chestnut
2.561902051,0.033179399,1.062532931,0.473131226,4.693007817,3.586527996,chinese horse chestnut
2.85028183,0.045577956,0.965128533,0.445057351,4.309089648,3.078690057,chinese horse chestnut
2.623264701,0.031119747,1.140691441,0.474263491,4.455360823,3.679536512,chinese horse chestnut
2.754822747,0.042502402,1.035060693,0.500957722,3.989147351,3.029354619,chinese horse chestnut
2.810192701,0.038593054,1.059655537,0.476801085,4.14996131,3.243380641,chinese horse chestnut
2.537205682,0.028854788,1.10886693,0.473430439,4.84401748,3.852835748,chinese horse chestnut
2.6711253,0.040164098,1.039879587,0.494935046,4.173272098,3.157583238,chinese horse chestnut
2.837251193,0.039983463,1.104360169,0.456717711,3.978105013,3.248362851,chinese horse chestnut
2.731109743,0.04451581,1.182935588,0.455511712,3.592215753,3.11046013,chinese horse chestnut
2.671730159,0.043222734,1.103195692,0.471786615,3.88349027,3.117429314,chinese horse chestnut
2.696294032,0.039545466,1.009240609,0.459686367,4.475509667,3.29486751,chinese horse chestnut
2.597586206,0.036052544,1.157176174,0.458511781,4.170348262,3.484420557,chinese horse chestnut
2.746414707,0.030107141,1.120831621,0.503951168,4.370665622,3.591188677,chinese horse chestnut
2.608580601,0.044740412,0.960838148,0.480747634,4.393787681,3.051807631,chinese horse chestnut
2.686031159,0.045170294,1.064251756,0.465377365,3.954312743,3.066672749,chinese horse chestnut
2.782715425,0.042949452,0.980789413,0.468859663,4.307145909,3.107638393,chinese horse chestnut
2.732413372,0.039940144,1.115754771,0.504264254,3.820534652,3.120682324,chinese horse chestnut
2.74619206,0.026727412,0.918689906,0.492856132,5.723043773,3.854223368,chinese horse chestnut
2.903926173,0.033101967,1.159637634,0.45460346,4.125168036,3.558343911,chinese horse chestnut
2.58382357,0.045197117,1.141865275,0.456902097,3.791287896,3.121173167,chinese horse chestnut
2.741219193,0.039213008,1.13571514,0.479722581,3.877470883,3.226625568,chinese horse chestnut
2.692208374,0.029849759,1.107308251,0.489319882,4.554180922,3.6770648,chinese horse chestnut
2.546978482,0.046503456,1.103951093,0.467658188,3.848846954,3.05103506,chinese horse chestnut
2.601471792,0.043086637,1.090278623,0.475876202,3.971317887,3.127600346,chinese horse chestnut
2.888753228,0.026708316,1.157343889,0.46445693,4.564428197,3.924179472,chinese horse chestnut
2.914319283,0.042051909,1.127267871,0.441801194,3.812396007,3.199676102,chinese horse chestnut
3.171538233,0.038493139,1.150312396,0.475845715,3.606820067,3.154379925,chinese horse chestnut
1.082288109,0.060298046,1.623007655,0.42867222,3.683780105,3.107537185,chinese redbud
0.989982144,0.058576166,1.758760633,0.401788755,3.724948085,3.259155953,chinese redbud
0.901374621,0.056345577,1.935737553,0.375939426,3.7386259,3.430805668,chinese redbud
0.901374621,0.060122898,1.9343809,0.37501504,3.626277597,3.325375368,chinese redbud
0.983645247,0.056639758,1.778676091,0.427790219,3.641730171,3.212026527,chinese redbud
1.131678512,0.060413869,1.545991613,0.421211366,3.811649569,3.128394128,chinese redbud
0.853955834,0.055354903,2.029210743,0.384872204,3.653581694,3.414931539,chinese redbud
0.899524835,0.062267849,1.958736181,0.373819485,3.528211227,3.27264355,chinese redbud
0.805500949,0.062036686,1.8808276,0.352907639,4.003715014,3.359545143,chinese redbud
0.843870475,0.05387222,2.08051255,0.365179445,3.730406566,3.55199126,chinese redbud
0.832719646,0.055187024,1.880852623,0.366385914,4.097396153,3.50159165,chinese redbud
1.088416836,0.061264447,1.589662297,0.438545126,3.678629903,3.047677691,chinese redbud
0.853349391,0.058261333,2.0450707,0.386687158,3.526615791,3.320749054,chinese redbud
0.952225767,0.060789081,1.837885638,0.377743314,3.679597967,3.298593076,chinese redbud
0.957115447,0.056715605,1.190364073,0.414450447,5.60080476,3.260454359,chinese redbud
1.100847319,0.065143083,1.582608171,0.439138282,3.560641481,2.952801474,chinese redbud
0.787397121,0.059826622,2.227129978,0.375850246,3.374448967,3.310710429,chinese redbud
1.097528677,0.060912895,1.579632869,0.437087799,3.70336857,3.060984058,chinese redbud
1.025121244,0.062374191,1.692846839,0.423517626,3.589686399,3.076085345,chinese redbud
0.988376341,0.05930842,1.770529415,0.422480869,3.589004328,3.158645466,chinese redbud
1.01427177,0.06530952,1.722880731,0.409012594,3.526233208,3.059162288,chinese redbud
0.93855745,0.063038257,1.83813567,0.403588542,3.520630884,3.133143184,chinese redbud
0.851839712,0.058748553,2.038827396,0.380667287,3.553605661,3.332761097,chinese redbud
0.963441245,0.064228732,1.826936897,0.391246673,3.517821787,3.153586196,chinese redbud
0.923562199,0.056501387,1.887213892,0.387080245,3.728341989,3.378288867,chinese redbud
0.887791428,0.067259968,1.955479677,0.393428484,3.336414444,3.068246427,chinese redbud
0.90916218,0.058860732,1.911800701,0.393565239,3.604254988,3.281381034,chinese redbud
1.026755323,0.061036946,1.702954402,0.444921054,3.516621463,3.033851246,chinese redbud
0.899379191,0.065688393,1.922398651,0.391577268,3.420047006,3.113197603,chinese redbud
1.003428852,0.064364008,1.735819763,0.410001157,3.54028314,3.07790553,chinese redbud
2.08269968,0.059365203,1.120761419,0.422487107,3.903918965,2.956033829,true indigo
2.211210647,0.06153555,1.280736428,0.383651547,3.417383036,3.013802185,true indigo
2.17359658,0.059588204,1.27071034,0.375090863,3.570389326,3.107344196,true indigo
2.141614289,0.0612971,1.296505772,0.37680594,3.467975999,3.065059644,true indigo
2.153749417,0.061936966,1.348606611,0.379388749,3.296096691,3.035660622,true indigo
2.019950449,0.063143639,1.299173428,0.382484411,3.48490417,3.028299804,true indigo
2.107878454,0.062538787,1.343746889,0.377477848,3.336101705,3.040452991,true indigo
2.035266515,0.060615626,1.364125262,0.421927432,3.21309765,2.939020617,true indigo
2.250814734,0.058565779,1.325588872,0.373227368,3.401046525,3.121540346,true indigo
1.934687307,0.061905895,1.419967683,0.417925083,3.147755031,2.946648521,true indigo
2.270059087,0.06011205,1.250825126,0.383815368,3.493356217,3.033339572,true indigo
2.03610076,0.063385263,1.264483623,0.382759864,3.558195554,3.017352903,true indigo
2.430749085,0.059675449,1.267493593,0.360349722,3.450835198,3.098997078,true indigo
2.326051598,0.060016895,1.240813372,0.382579373,3.487276023,3.026099132,true indigo
2.131767275,0.061496309,1.281072627,0.374038557,3.525117866,3.073956402,true indigo
2.037427975,0.062119689,1.28384945,0.382258044,3.541211096,3.049595178,true indigo
2.282518872,0.058779592,1.144827896,0.377921829,3.879165745,3.088059679,true indigo
2.195163265,0.060713978,1.206776183,0.385501482,3.655800468,3.030979412,true indigo
2.433784691,0.057146071,1.056063655,0.397500864,4.027231531,3.014434071,true indigo
2.162043789,0.05915778,1.114233214,0.428451432,3.833848292,2.920839073,true indigo
2.372353595,0.058183086,1.207293142,0.379686682,3.618149424,3.072879625,true indigo
2.372714753,0.059642909,1.220793859,0.359622451,3.631048861,3.118461217,true indigo
2.377374036,0.060082421,1.218970031,0.370427176,3.566424884,3.060162329,true indigo
2.149021235,0.06221437,1.268537788,0.376313601,3.514438327,3.042457029,true indigo
2.058899075,0.061455879,1.213201948,0.382043141,3.74896555,3.061360392,true indigo
2.217638282,0.058706452,1.290226083,0.377727374,3.495076465,3.107964063,true indigo
2.216871881,0.060854381,1.274776969,0.374161194,3.491565521,3.067335177,true indigo
1.947312605,0.063286652,1.266516437,0.384010562,3.629473959,3.037134246,true indigo
2.006642617,0.063175002,1.246400306,0.372718195,3.691003923,3.070366906,true indigo
2.553727783,0.05670671,1.153580212,0.365753888,3.766632062,3.122420865,true indigo
0.734862062,0.010763768,1.963365564,0.763696119,6.553200682,5.449987606,japanese maple
0.753992153,0.009003059,1.985293695,0.763176057,6.998168717,5.972392641,japanese maple
0.701649854,0.01005282,2.198219926,0.592217174,7.038565989,6.379777979,japanese maple
0.735101776,0.00884251,1.923534786,0.779625509,7.302900968,5.951384007,japanese maple
0.720019553,0.008987812,2.122036198,0.746439022,6.780331357,6.023024266,japanese maple
0.744274393,0.009500101,2.032090584,0.741051764,6.798326279,5.894722155,japanese maple
0.748318061,0.009357063,1.946260298,0.769768706,6.998517441,5.830056394,japanese maple
0.767445947,0.009891514,1.949500449,0.791593329,6.617139777,5.601383451,japanese maple
0.809616796,0.011383654,1.893647913,0.788319399,6.195395976,5.248814127,japanese maple
0.833520093,0.008853705,1.846270492,0.856856585,6.811300563,5.716836524,japanese maple
0.84863983,0.008919808,1.743068058,1.011428745,6.556597774,5.246431316,japanese maple
0.764126412,0.011719524,1.92386597,0.758812168,6.305513513,5.254492576,japanese maple
0.922534837,0.012035725,1.610173544,0.942921109,6.069628586,4.689681625,japanese maple
0.874350716,0.009799145,1.649476026,0.936627382,6.767583832,5.207322383,japanese maple
0.811663066,0.010182585,1.626315897,0.886576686,7.18323421,5.233874293,japanese maple
0.925854455,0.011138318,1.473051195,0.929384977,6.934308539,4.91066446,japanese maple
0.806074255,0.011574958,1.768272448,0.876310822,6.254239209,4.935863222,japanese maple
0.981462534,0.008302552,1.360449189,0.926961651,8.457541132,5.69920535,japanese maple
0.777084342,0.010425937,1.96152635,0.742191076,6.574403534,5.639110723,japanese maple
0.850525132,0.011129497,1.462411149,0.892012284,7.441555957,5.001789431,japanese maple
0.999970422,0.010488266,1.747194896,0.788438534,6.294037115,5.498373443,japanese maple
1.095176157,0.008876403,1.711105161,0.95726213,6.058252414,5.418605111,japanese maple
0.861710024,0.009978465,1.654528867,0.94824858,6.693482029,5.125964078,japanese maple
0.750644556,0.008710426,2.010641555,0.770810825,7.005749219,6.039842348,japanese maple
0.793761062,0.00952718,1.829497453,0.764243896,7.189937651,5.820792691,japanese maple
0.723593974,0.00900933,2.077714195,0.749895486,6.883670844,6.004348298,japanese maple
0.754229718,0.009828822,1.896132217,0.740258447,7.119297673,5.803940425,japanese maple
0.744975208,0.009031031,1.969604098,0.708712002,7.352695479,6.182698629,japanese maple
0.791001359,0.009169119,1.852283739,0.771021758,7.219493935,5.906029123,japanese maple
0.714739006,0.010084896,2.029494399,0.776746511,6.585109863,5.570579014,japanese maple
3.241599178,0.035833863,0.983313534,0.501577043,4.213205911,3.166171161,nanmu
3.465600982,0.033398465,1.021685956,0.510168205,4.027850589,3.193665443,nanmu
2.87543509,0.040128719,1.003166484,0.475597525,4.255276261,3.167261164,nanmu
3.227958912,0.035734986,0.984710178,0.489313388,4.27451863,3.213607862,nanmu
3.223227039,0.036159461,0.955738227,0.499324608,4.337236802,3.163723781,nanmu
2.739663546,0.038971586,0.90999884,0.513473928,4.693289089,3.128836323,nanmu
3.425423444,0.032512121,1.063826301,0.509454545,3.946360638,3.249577714,nanmu
3.298472693,0.036742776,1.01218631,0.488237333,4.06145473,3.15457456,nanmu
3.577414917,0.034709356,1.031790034,0.462342394,4.045003253,3.261814335,nanmu
3.351052499,0.032148328,1.078986938,0.472401613,4.108263757,3.413983467,nanmu
2.914616427,0.037967585,1.057268044,0.515504559,3.960057121,3.117301082,nanmu
3.876338351,0.030874961,1.036077217,0.48638503,4.000402827,3.29475932,nanmu
3.032181783,0.037413493,0.942974176,0.497510486,4.463826824,3.165353864,nanmu
2.969342023,0.03784752,1.015327491,0.501261431,4.149663546,3.151815111,nanmu
3.042281424,0.030804318,1.036266108,0.504754078,4.436937352,3.460408985,nanmu
3.103991603,0.032405682,0.993412276,0.498220848,4.496645751,3.378564945,nanmu
3.178958058,0.031523656,0.995343607,0.479340895,4.583994017,3.470834127,nanmu
3.358920781,0.036605688,1.049761103,0.460959561,4.001326059,3.236795073,nanmu
3.073331311,0.035691504,0.98608282,0.51134207,4.281971065,3.185787221,nanmu
3.132770126,0.024024987,1.036681326,0.483740057,5.055368925,3.972696696,nanmu
3.088107806,0.027855765,0.947544288,0.486708024,5.157775788,3.691748357,nanmu
2.763139612,0.022810603,0.954562612,0.534524488,5.707448246,4.000358378,nanmu
3.373075292,0.036757024,1.056032239,0.452484955,3.997951867,3.256520518,nanmu
3.25823767,0.03401127,0.998847881,0.505490959,4.230007614,3.232908139,nanmu
3.05172438,0.025974946,0.998181743,0.505339074,5.005517191,3.763257986,nanmu
3.26316136,0.036146223,1.034768678,0.488231073,4.027108021,3.189652215,nanmu
3.25751382,0.027049928,0.955996235,0.473534897,5.120845052,3.745657103,nanmu
3.172930321,0.037170473,0.955875678,0.479663598,4.398462511,3.196845943,nanmu
3.115179321,0.028982929,0.929796045,0.483961972,5.145102439,3.621395915,nanmu
3.854786565,0.032446675,1.018342211,0.48093392,4.003854471,3.237443702,nanmu
0.809144713,0.031100944,2.080426587,0.57195506,4.006514922,3.727966946,castor aralia
0.789724689,0.031560267,1.897216568,0.524245912,4.611130105,3.860235239,castor aralia
0.868842452,0.029848793,1.672370568,0.543579752,5.036188102,3.915640395,castor aralia
0.718793001,0.027875957,2.049041786,0.561460101,4.601219215,3.942793236,castor aralia
0.928572071,0.035429482,1.685320008,0.480340082,4.720119572,3.830144168,castor aralia
0.815988802,0.032989239,2.038814255,0.514895665,4.166145873,3.816657302,castor aralia
0.912069711,0.030628095,1.586045547,0.533848336,5.162991228,3.906081977,castor aralia
0.93314344,0.030452076,1.744378828,0.553149855,4.572514954,3.850173217,castor aralia
0.779567236,0.029467625,1.952832462,0.581499209,4.43058524,3.790227331,castor aralia
0.849807228,0.030587829,1.826710358,0.562767668,4.526173522,3.79834877,castor aralia
0.872124226,0.031631946,1.846361875,0.57757661,4.290681209,3.69051317,castor aralia
0.792183417,0.03302508,1.765585701,0.520546742,4.853404852,3.787726527,castor aralia
0.834684476,0.0296481,1.794193959,0.615534673,4.515904472,3.686167676,castor aralia
0.840342703,0.029977477,1.727988561,0.556026537,4.889738359,3.85819536,castor aralia
0.787091924,0.023403894,1.852226123,0.634737499,4.992891475,4.073096463,castor aralia
0.771313767,0.028430155,1.972539869,0.583317575,4.482461057,3.850152219,castor aralia
0.689730235,0.029279185,2.173347124,0.606872564,4.156263043,3.687177215,castor aralia
0.772341577,0.02930624,2.112137628,0.513761655,4.390481813,4.041070107,castor aralia
0.867524249,0.030865542,1.873540702,0.552610919,4.387825734,3.818808466,castor aralia
0.885116747,0.029884592,1.784103602,0.577306519,4.53578811,3.79957599,castor aralia
0.8108009,0.031407507,1.920017484,0.551010748,4.396842805,3.779981227,castor aralia
0.72178129,0.032318114,1.961318731,0.540787576,4.539548475,3.732402483,castor aralia
0.772516675,0.032091751,1.853866452,0.595547203,4.439282867,3.586813511,castor aralia
0.754342554,0.026759893,1.912622693,0.583991195,4.815496343,3.960267956,castor aralia
0.716324136,0.027956729,1.883205158,0.622422192,4.756219151,3.738262268,castor aralia
0.701484744,0.029061551,1.986158366,0.582720212,4.619421304,3.782610449,castor aralia
0.87699606,0.029581209,1.818465962,0.545081832,4.624419113,3.929132235,castor aralia
0.737252732,0.033522458,1.894103784,0.573497948,4.434597121,3.564604323,castor aralia
0.767913447,0.028772012,1.964039651,0.60229304,4.41371791,3.765356471,castor aralia
0.713500303,0.032781786,2.048692943,0.541007388,4.339184774,3.701646923,castor aralia
2.170890412,0.034269815,1.147671583,0.463504264,4.692244932,3.686845768,goldenrain tree
1.889147851,0.033364205,1.095311067,0.510823288,5.088078648,3.644076392,goldenrain tree
1.974735476,0.034910137,1.079544007,0.45716134,5.217886905,3.739345449,goldenrain tree
2.05790896,0.035031455,1.058500667,0.485677544,5.048852553,3.596544433,goldenrain tree
1.870583081,0.029579119,1.03808627,0.512525838,5.720415165,3.869616065,goldenrain tree
2.285152454,0.028522829,1.239565082,0.533799118,4.325017319,3.729209961,goldenrain tree
1.978533349,0.030585542,1.126967583,0.483654712,5.186699519,3.88278569,goldenrain tree
2.225204179,0.032856732,1.191640003,0.473014998,4.512532602,3.710035623,goldenrain tree
2.386822845,0.02915765,1.174943631,0.506289376,4.534163839,3.754412145,goldenrain tree
2.189453083,0.03186041,1.151909195,0.496026099,4.666980552,3.690401867,goldenrain tree
2.118713701,0.032495531,1.14876704,0.504793666,4.669422036,3.644113221,goldenrain tree
1.771854686,0.036314171,1.130398374,0.478223389,5.043139146,3.644098589,goldenrain tree
2.48880743,0.027768639,1.078301932,0.513721726,4.921785745,3.785971877,goldenrain tree
2.227553598,0.029116205,1.029819514,0.516866561,5.303568736,3.769502351,goldenrain tree
2.523464055,0.026612991,1.155764339,0.521906522,4.621563699,3.825476257,goldenrain tree
2.456879213,0.031192751,1.116410418,0.510506466,4.528524859,3.593190455,goldenrain tree
1.9492361,0.03102025,1.133455086,0.504149187,5.053139423,3.78547604,goldenrain tree
2.345802808,0.030965789,1.083463482,0.494705284,4.868841338,3.698546309,goldenrain tree
2.387234567,0.027842934,1.120682657,0.524189409,4.780443383,3.775727576,goldenrain tree
2.520970868,0.033122615,0.996474569,0.514026879,4.843894179,3.455940538,goldenrain tree
2.408748641,0.031705191,1.094591659,0.521549508,4.577613967,3.540689187,goldenrain tree
2.348494672,0.029245794,1.159810283,0.516203857,4.579055644,3.724799007,goldenrain tree
1.857782396,0.031590865,1.134201371,0.47161929,5.299511926,3.907434694,goldenrain tree
2.415873087,0.030677499,1.176482854,0.499586628,4.417351506,3.67552982,goldenrain tree
2.153824066,0.028614875,1.16759802,0.523540481,4.767936638,3.801864092,goldenrain tree
1.893032192,0.041149856,1.145071275,0.495905673,4.443291281,3.329216495,goldenrain tree
2.305466294,0.030012306,1.079969119,0.508016226,4.938792744,3.720130567,goldenrain tree
2.136275304,0.034428801,1.142691228,0.512825734,4.506056605,3.507264976,goldenrain tree
2.296220679,0.035185718,1.009197816,0.490415377,4.977962668,3.499655388,goldenrain tree
2.520862027,0.026562421,1.258017619,0.558957887,4.108803439,3.700855759,goldenrain tree
3.484602204,0.037827206,0.974106667,0.470512234,4.122202168,3.120075362,chinese cinnamon
2.836835253,0.046274878,1.038781955,0.502680729,3.747483992,2.878227687,chinese cinnamon
3.099107433,0.035778344,0.984834725,0.490793259,4.352701844,3.240929646,chinese cinnamon
2.11431895,0.048624201,1.140349523,0.450346872,4.075462945,3.155166979,chinese cinnamon
2.671374734,0.047209045,1.043898191,0.469414142,3.937166255,2.990528864,chinese cinnamon
2.601820666,0.046031477,1.031784365,0.476495445,4.057098437,3.023846637,chinese cinnamon
2.757762824,0.040093678,0.99192676,0.474774515,4.40007713,3.203077475,chinese cinnamon
2.996903755,0.033557828,0.972889665,0.483259222,4.662437393,3.401149393,chinese cinnamon
2.641346913,0.054087928,1.22753464,0.426583051,3.299905849,2.938317311,chinese cinnamon
2.879526362,0.045434195,1.13448447,0.510712424,3.410054209,2.871456158,chinese cinnamon
3.605874101,0.040650473,1.153754331,0.470548378,3.300246899,2.98097458,chinese cinnamon
3.333180337,0.041016594,1.051609443,0.474636415,3.73298111,3.019689695,chinese cinnamon
3.822062429,0.031683054,0.964541252,0.476888413,4.314280748,3.298330397,chinese cinnamon
3.221835096,0.036708478,1.042957569,0.475828792,4.041784558,3.216931718,chinese cinnamon
3.649485453,0.029888523,1.006059198,0.489373414,4.302176587,3.397336085,chinese cinnamon
3.652876908,0.032544151,0.995395785,0.466016019,4.268249419,3.335485536,chinese cinnamon
3.231905756,0.032151303,0.992328934,0.476487396,4.528871566,3.432166594,chinese cinnamon
2.884694656,0.033118264,1.035022932,0.45743093,4.621719248,3.552192509,chinese cinnamon
2.884545476,0.037923328,1.044831468,0.468771398,4.226503999,3.279175861,chinese cinnamon
2.958958425,0.042860181,0.946707815,0.460535083,4.370752815,3.092645423,chinese cinnamon
2.525787565,0.03155063,1.029375469,0.46874633,5.026374173,3.706545269,chinese cinnamon
3.203258435,0.036930275,1.036922591,0.46105003,4.129451567,3.263206807,chinese cinnamon
2.793176802,0.040518629,0.955784209,0.470140631,4.535755868,3.192308562,chinese cinnamon
2.508095953,0.037908678,1.081135011,0.473605432,4.358834068,3.369170208,chinese cinnamon
2.584678676,0.034876847,1.095488538,0.46338514,4.466313675,3.527876605,chinese cinnamon
2.984508577,0.043349727,0.98141237,0.46977523,4.133080033,3.038249309,chinese cinnamon
3.27181408,0.041108008,0.983501966,0.460853371,4.084001172,3.076361479,chinese cinnamon
3.305303329,0.034558271,1.159669463,0.482735347,3.672227366,3.269424781,chinese cinnamon
2.819461029,0.034442904,1.184965709,0.485026974,3.888466302,3.401325032,chinese cinnamon
2.834092339,0.04167355,1.189060828,0.475040188,3.55053262,3.120678343,chinese cinnamon
3.688254058,0.043280243,1.04958308,0.43079418,3.63323095,2.999987993,anhui barberry
3.065189419,0.048550064,0.9068511,0.434847963,4.334826621,2.964041277,anhui barberry
2.807508233,0.049280307,0.90282232,0.473014608,4.329753935,2.882343197,anhui barberry
3.102706344,0.048568142,1.117374674,0.457419624,3.40877001,2.880492607,anhui barberry
3.161544168,0.046857275,1.041451436,0.474153371,3.622958967,2.866468566,anhui barberry
3.520105148,0.043648984,1.012655488,0.430516216,3.839535034,3.027941316,anhui barberry
2.841949053,0.04904938,0.943306721,0.446677918,4.248395337,2.964439142,anhui barberry
3.108376002,0.044974118,1.135372898,0.435036773,3.571497851,3.067978275,anhui barberry
3.252701712,0.047215924,1.173790259,0.453979776,3.226449564,2.896641163,anhui barberry
3.197924345,0.045465767,1.107111997,0.442515268,3.560967099,3.003261134,anhui barberry
3.057066127,0.047902369,1.038071042,0.43479662,3.817674784,2.986199045,anhui barberry
3.128364335,0.047520489,1.029411961,0.440768724,3.794952034,2.960293759,anhui barberry
3.206015786,0.045157046,1.121509155,0.446428812,3.5073207,2.998286019,anhui barberry
3.411226881,0.044088329,1.104482432,0.451470154,3.474637811,2.967697041,anhui barberry
3.378403834,0.044478793,1.105306927,0.450410895,3.477606086,2.965917215,anhui barberry
2.922802766,0.04926082,1.07275553,0.444488965,3.684836097,2.945248706,anhui barberry
3.313065825,0.045549,1.076502688,0.44991318,3.565053634,2.947984291,anhui barberry
3.325852261,0.045996168,1.015066244,0.459475609,3.715883429,2.899931486,anhui barberry
4.642606095,0.031049754,1.023279042,0.4640883,3.778292786,3.181059497,anhui barberry
4.652414869,0.031391593,1.088132339,0.466270901,3.521707093,3.154128297,anhui barberry
4.116318453,0.040263163,0.970651063,0.451596102,3.765766139,2.940816173,anhui barberry
4.116318453,0.040140954,1.32952907,0.497854972,2.622420962,2.805121282,anhui barberry
4.985215878,0.03251948,1.065920107,0.46035063,3.434133653,3.048919783,anhui barberry
4.979739271,0.031108368,1.018474596,0.46792946,3.646848244,3.093087802,anhui barberry
4.033628912,0.038917091,1.115957001,0.45045674,3.369828809,3.013492019,anhui barberry
4.690712821,0.034521547,1.084168533,0.464043087,3.364801919,3.006965716,anhui barberry
4.42222411,0.035957939,1.104269315,0.491293416,3.239938391,2.917931151,anhui barberry
4.576175606,0.035698764,1.027439351,0.456568912,3.563794917,3.004935391,anhui barberry
4.318806162,0.034330331,1.104805274,0.50226139,3.316870484,2.975526357,anhui barberry
4.930792372,0.034361426,1.101116312,0.446394452,3.302276721,3.023087061,anhui barberry
1.78362824,0.053683484,1.116218797,0.46687598,4.237184614,3.030538632,big fruited holly
1.618494949,0.055357345,1.222367837,0.466786938,4.000326484,3.022434928,big fruited holly
1.745701198,0.050499923,1.179050616,0.491148026,4.07597052,3.055484749,big fruited holly
1.420235043,0.060477511,1.276330622,0.4469651,3.998737872,2.994944677,big fruited holly
1.742752048,0.052841756,1.215632329,0.450958307,4.036669022,3.117987981,big fruited holly
1.648709488,0.056364088,1.299923446,0.453007579,3.749351689,3.033777779,big fruited holly
1.738903243,0.056900932,1.178319558,0.465829184,3.95299411,2.957249591,big fruited holly
1.359749455,0.061343975,1.301938637,0.454442235,3.945070216,2.959635663,big fruited holly
1.372418888,0.057783432,1.283043927,0.442457381,4.16080863,3.088265149,big fruited holly
1.361558441,0.055106112,1.286925584,0.420743699,4.373405299,3.244970485,big fruited holly
1.552494229,0.052168526,1.193626911,0.445930302,4.408375982,3.200460376,big fruited holly
1.595241651,0.04777621,1.167546516,0.469286738,4.528846266,3.250202714,big fruited holly
1.509627871,0.04841397,1.173495986,0.473119098,4.5826095,3.23485662,big fruited holly
1.513598013,0.046730064,1.172593704,0.470828919,4.67323277,3.299739806,big fruited holly
1.712683589,0.055479789,1.121737891,0.433042975,4.39478002,3.112479702,big fruited holly
1.385555586,0.059384877,1.272647392,0.451702981,4.075824944,3.012714845,big fruited holly
1.607292289,0.057272074,1.116393254,0.483909447,4.244063366,2.920816034,big fruited holly
1.608931774,0.058286024,1.146663943,0.455206955,4.22093213,2.984828835,big fruited holly
1.612551091,0.058482007,1.178923248,0.4699944,4.029027692,2.93180091,big fruited holly
1.692701991,0.061573551,1.012631343,0.472074846,4.452007136,2.833997291,big fruited holly
1.670156841,0.059368174,1.03585919,0.465521909,4.493386141,2.911353556,big fruited holly
1.63093405,0.066659962,1.049205118,0.419943952,4.460599205,2.901215849,big fruited holly
1.517753463,0.064576945,1.102958196,0.456916999,4.284330117,2.848590421,big fruited holly
1.756592573,0.059553563,0.990684342,0.453560815,4.634016117,2.9254407,big fruited holly
1.83738734,0.057984095,0.989419451,0.459783969,4.56654607,2.925838703,big fruited holly
1.815254115,0.057551426,1.026349763,0.465000659,4.420598494,2.92547429,big fruited holly
1.810000793,0.056265393,1.161071424,0.472981065,3.924272225,2.934880249,big fruited holly
1.77783806,0.055584611,1.121546435,0.466059789,4.154689193,2.98222959,big fruited holly
1.672867286,0.055851267,1.215498057,0.470506358,3.923880055,2.985067013,big fruited holly
1.494275173,0.058616343,1.168965419,0.472339967,4.205777948,2.945331759,big fruited holly
1.834031007,0.013033389,1.118957423,0.49444696,8.220430633,5.952648065,japanese cheesewood
2.417594221,0.015110959,1.120365461,0.515554875,6.503769249,5.154514294,japanese cheesewood
2.676739439,0.015233524,1.09341239,0.537376464,6.178363399,4.9181377,japanese cheesewood
2.279997195,0.011335043,1.086687987,0.523141195,7.914198398,5.978230278,japanese cheesewood
2.629283325,0.006499666,1.102690239,0.503735615,9.774193621,7.808200957,japanese cheesewood
2.621223544,0.016457235,1.142410505,0.512583788,5.886605272,4.867834764,japanese cheesewood
2.296601006,0.014128303,1.121288955,0.504399246,6.971198758,5.445580384,japanese cheesewood
2.052740662,0.015390916,1.043077464,0.491110969,7.696518994,5.398275957,japanese cheesewood
2.111885287,0.011984472,1.153622106,0.50745679,7.648781932,5.988286826,japanese cheesewood
2.307244903,0.018586932,1.123895679,0.507846743,6.029162029,4.727268784,japanese cheesewood
1.787841152,0.003993356,1.132556387,0.527866049,14.38284591,10.4463739,japanese cheesewood
2.609244923,0.017833078,1.127491943,0.517841887,5.713699339,4.657247559,japanese cheesewood
1.695535258,0.013920299,1.140684329,0.506135053,8.020909652,5.755073942,japanese cheesewood
2.596579114,0.014170072,1.141925598,0.518829857,6.338155586,5.225317038,japanese cheesewood
2.018314231,0.008344244,1.163834287,0.519973915,9.18184986,7.145714587,japanese cheesewood
2.088440795,0.014161574,1.115957666,0.478822437,7.530055673,5.682360657,japanese cheesewood
2.318529921,0.009078686,1.078282912,0.517999189,8.881470785,6.690900652,japanese cheesewood
2.360719468,0.013779177,1.089971896,0.507631713,7.139642977,5.466431557,japanese cheesewood
2.134197157,0.016820038,1.053099927,0.483550841,7.207399488,5.168403381,japanese cheesewood
2.639445841,0.02090959,1.124488481,0.489588367,5.410037855,4.411972624,japanese cheesewood
2.099183416,0.013114474,1.132897192,0.50642505,7.475690045,5.73647221,japanese cheesewood
1.746991473,0.013537647,1.151942249,0.495617391,8.018239835,5.874125533,japanese cheesewood
2.330410992,0.009170862,1.103797887,0.510042941,8.677322256,6.702085647,japanese cheesewood
1.935467603,0.009650695,1.06786273,0.479261052,9.89751707,6.968676484,japanese cheesewood
2.419417018,0.011057931,1.12535262,0.519820417,7.535158738,5.999840349,japanese cheesewood
2.119520939,0.010470529,1.107717904,0.509802652,8.487242706,6.387716064,japanese cheesewood
2.162821569,0.018955811,1.124735459,0.488582165,6.282019438,4.831652185,japanese cheesewood
2.239662536,0.010544092,1.12211431,0.510445888,8.116936716,6.296686521,japanese cheesewood
2.068353095,0.00972807,1.162555692,0.492883664,8.637505671,6.76895236,japanese cheesewood
2.383607954,0.010523844,1.120529938,0.498511166,7.980580254,6.299596348,japanese cheesewood
1.99733769,0.048360042,1.153295311,0.483405037,4.012682548,3.083835135,wintersweet
1.771196034,0.053083691,1.18502843,0.485970078,3.947776829,2.990065799,wintersweet
1.732135311,0.055977548,1.230504997,0.46641479,3.821489038,2.981230877,wintersweet
1.79274652,0.055749931,1.157710342,0.461329184,4.022657079,2.989511947,wintersweet
1.623549616,0.054991466,1.175923405,0.438591698,4.297445038,3.127271947,wintersweet
2.005360246,0.052436955,1.127295976,0.481940589,3.940491172,2.964040816,wintersweet
1.802383812,0.050384103,1.184573351,0.493495112,3.987734248,3.038140325,wintersweet
1.703302375,0.059954433,1.16521528,0.458909649,3.964365671,2.910562999,wintersweet
1.841632314,0.054167827,1.082019055,0.476726183,4.237975287,2.97186018,wintersweet
1.83679089,0.049506161,1.17298439,0.473870642,4.106940216,3.119198451,wintersweet
2.050704905,0.056200284,1.176278859,0.464039411,3.676134861,2.906730027,wintersweet
2.007586053,0.054020526,1.126940724,0.476861075,3.901993145,2.935240446,wintersweet
1.89404022,0.051371809,1.136784751,0.487698825,4.038209814,3.004358495,wintersweet
1.655923463,0.056595567,1.237605851,0.460779899,3.888298037,3.000313279,wintersweet
1.882957044,0.058339836,1.218283581,0.485652168,3.553743968,2.827722371,wintersweet
2.177502865,0.053435983,1.085513886,0.477897088,3.906619874,2.906091757,wintersweet
1.873187296,0.048925277,1.138166623,0.493759886,4.130275347,3.064799844,wintersweet
1.653753826,0.048174995,1.141225932,0.472427687,4.516629085,3.212153471,wintersweet
1.994706545,0.049278597,1.199247941,0.498554347,3.766743896,3.008844999,wintersweet
2.187834765,0.053479247,1.176617323,0.482965813,3.575252047,2.887091968,wintersweet
2.119663045,0.047244103,1.197499559,0.486468546,3.783467768,3.078396387,wintersweet
2.279803321,0.044471934,1.178410427,0.495051543,3.787795429,3.102649184,wintersweet
1.978400499,0.050397247,1.25210644,0.486756199,3.625287834,3.01519122,wintersweet
2.040284508,0.052496949,1.176079031,0.471862925,3.782188483,2.985081412,wintersweet
2.102589319,0.046881734,1.18789156,0.476307749,3.885083184,3.127571733,wintersweet
1.98081669,0.051093103,1.168816246,0.481474826,3.875820764,3.010363517,wintersweet
1.898756312,0.044498123,1.209860922,0.487136143,4.074120886,3.228693978,wintersweet
2.134415872,0.049272056,1.184504793,0.474153739,3.780626047,3.049460193,wintersweet
2.290528601,0.04781186,1.204641881,0.506310535,3.525314595,2.956146044,wintersweet
2.246689881,0.051248527,1.249237851,0.484814042,3.388090574,2.928886001,wintersweet
2.075466419,0.03419534,1.108722749,0.53094323,4.646347427,3.476477003,camphortree
2.25386747,0.038940732,1.116362034,0.499135814,4.279759171,3.309427754,camphortree
2.23330653,0.03222407,1.086746115,0.521278651,4.750863679,3.566170653,camphortree
1.982359834,0.042715399,1.051562226,0.506198632,4.593260332,3.210542961,camphortree
2.311902083,0.047037023,1.059669377,0.500659864,4.0443953,2.99168545,camphortree
2.098836369,0.037606091,1.109828998,0.510378041,4.489309578,3.374547611,camphortree
2.090854683,0.050135689,1.006208896,0.512158052,4.289181527,2.919495716,camphortree
1.959917735,0.044010059,1.055358514,0.486378581,4.626130341,3.232779512,camphortree
1.542327374,0.036163384,1.144992029,0.478838811,5.344167389,3.712167883,camphortree
1.909467268,0.034298172,1.102863492,0.521169172,4.907917871,3.552366693,camphortree
1.733665875,0.026530113,1.138449916,0.486241205,5.873648338,4.240741887,camphortree
2.002777502,0.037698118,1.16616274,0.520136314,4.327191021,3.365695167,camphortree
1.992321212,0.038872797,1.165732731,0.516503133,4.289058325,3.328986932,camphortree
2.081178021,0.044162488,1.187717541,0.515461677,3.868185174,3.103222146,camphortree
2.219541888,0.040818129,1.147689249,0.504687918,4.074797325,3.224033839,camphortree
2.317831136,0.048042523,1.102596925,0.498820605,3.848196397,2.964159163,camphortree
1.961855871,0.040227027,1.083896854,0.527595141,4.521360489,3.24608784,camphortree
2.055115509,0.048257165,1.099643273,0.508331105,4.050193895,2.995961571,camphortree
2.190279955,0.028512968,1.037335092,0.501958246,5.444726994,3.87762683,camphortree
2.127989804,0.02709649,1.003869027,0.499592658,5.869128714,4.008250936,camphortree
2.343788858,0.02026977,1.012630225,0.521729502,6.272530193,4.452185855,camphortree
2.240677426,0.041241368,1.02754457,0.532606454,4.386720029,3.116621922,camphortree
2.275632856,0.047109909,0.965253979,0.4915555,4.512995386,3.026310375,camphortree
2.487079563,0.019371275,1.09057786,0.52267518,5.778344665,4.494567861,camphortree
2.254397378,0.018296988,1.125386803,0.51344772,6.105834575,4.75999768,camphortree
1.737745486,0.021666605,1.164885504,0.481720814,6.374271121,4.713102338,camphortree
2.079991619,0.039828307,1.011005281,0.530127759,4.719865144,3.222515868,camphortree
2.019919449,0.040791764,0.968448571,0.524625987,4.96644087,3.217070097,camphortree
2.116211695,0.028553751,1.20366084,0.538768613,4.604511733,3.763742233,camphortree
2.152180701,0.029690789,1.172106832,0.521671722,4.672872343,3.739544805,camphortree
2.062439947,0.010521882,1.142746398,0.487210032,8.51049171,6.549652291,japan arrowwood
2.038906674,0.013693813,1.050566617,0.451988222,8.473288236,5.972491782,japan arrowwood
2.380443821,0.037708601,1.11858796,0.476945474,4.320622428,3.403303418,japan arrowwood
2.041809776,0.015046767,1.18150713,0.432043793,7.346331585,5.826263219,japan arrowwood
2.272911085,0.008740705,1.216009065,0.481477109,8.408352723,7.100615134,japan arrowwood
2.362468722,0.009051712,1.14852788,0.452928999,8.846978939,7.139114537,japan arrowwood
2.607363023,0.009581612,1.118784789,0.475820852,8.198071082,6.629333774,japan arrowwood
2.468602582,0.030944893,1.075942385,0.455312861,4.983516992,3.816116245,japan arrowwood
2.611522658,0.016925851,1.029083371,0.4787496,6.679947752,4.970809051,japan arrowwood
2.477088526,0.00636025,1.057946091,0.490564839,10.75178089,8.103445642,japan arrowwood
2.899011467,0.013864756,1.091297986,0.468552296,6.677233028,5.417953926,japan arrowwood
2.233223134,0.018602259,1.071985556,0.465501331,6.708133591,4.966918994,japan arrowwood
2.41731454,0.024639901,1.079575257,0.463771468,5.573256179,4.256083488,japan arrowwood
2.463685366,0.028006771,1.064818572,0.453403176,5.309553064,4.021428874,japan arrowwood
2.058770232,0.029178217,1.090275115,0.466766995,5.477476437,4.01955192,japan arrowwood
2.399801459,0.017584515,1.121771419,0.47008243,6.329301305,5.011663443,japan arrowwood
2.381697907,0.016085672,1.087464743,0.467520207,6.871027419,5.2624591,japan arrowwood
2.994126625,0.025324558,1.049179052,0.464020198,5.081312817,3.996445336,japan arrowwood
2.666853591,0.014085274,1.179101668,0.490051341,6.250945658,5.360466435,japan arrowwood
2.531143411,0.00517205,1.03834936,0.465989152,12.33044791,9.177486378,japan arrowwood
2.590685015,0.01904229,1.061696191,0.47169289,6.17451966,4.729777825,japan arrowwood
2.617310704,0.026766551,1.011776183,0.480709117,5.385803757,3.942797248,japan arrowwood
2.771281519,0.01662833,0.994594005,0.508597464,6.567535454,4.799985834,japan arrowwood
3.013345772,0.032379979,1.029334086,0.442261082,4.676721585,3.614433684,japan arrowwood
2.743610664,0.027759786,1.050204341,0.464703748,5.061378382,3.895600576,japan arrowwood
2.67573787,0.006582132,1.074600002,0.479114517,10.13044259,7.924544148,japan arrowwood
2.390567841,0.012789842,1.105609974,0.465479875,7.581663,5.910103125,japan arrowwood
2.767769706,0.013240667,1.098673366,0.449411654,7.09233639,5.724051387,japan arrowwood
2.847920274,0.015144517,1.070397449,0.461812362,6.61958138,5.244177144,japan arrowwood
2.260519525,0.015563263,1.201051187,0.46197833,6.530902809,5.438212763,japan arrowwood
2.794953898,0.044825836,1.04897356,0.460806563,3.967570083,3.065189244,sweet osmanthus
2.53099273,0.050018695,1.080613969,0.455233322,3.854790432,2.985832384,sweet osmanthus
2.551683562,0.048697527,1.052134745,0.477039856,3.903771987,2.95085831,sweet osmanthus
2.229078942,0.053854444,1.054986389,0.453020125,4.064628893,2.96015562,sweet osmanthus
2.379305607,0.050018029,1.120208255,0.477948413,3.743021482,2.952186891,sweet osmanthus
2.047968732,0.050882183,0.997500698,0.446684276,4.64667109,3.11435385,sweet osmanthus
2.137317048,0.026525594,1.11261565,0.431442615,5.746802625,4.355940974,sweet osmanthus
2.521547468,0.037617583,1.007563238,0.500890707,4.553309578,3.284982752,sweet osmanthus
2.40825656,0.051604016,1.0893883,0.441771754,3.917646031,3.015632208,sweet osmanthus
2.626489296,0.041652298,1.022494432,0.46378142,4.341852609,3.215327859,sweet osmanthus
2.52146219,0.028957089,1.055761027,0.465211271,5.139319046,3.885085992,sweet osmanthus
2.460502577,0.049013409,1.135401754,0.433023104,3.854122729,3.111427946,sweet osmanthus
2.208897528,0.048214707,0.983451919,0.490734351,4.447808582,3.011056751,sweet osmanthus
2.524350205,0.042879432,1.007602652,0.51568785,4.200663879,3.031641073,sweet osmanthus
2.62026843,0.048172965,1.025474729,0.42877986,4.19163317,3.111094778,sweet osmanthus
2.560017214,0.044652814,1.150912957,0.428740591,3.924771359,3.248236401,sweet osmanthus
2.34610952,0.053519659,1.073788065,0.449863525,3.918413149,2.950101292,sweet osmanthus
2.299915551,0.027715368,1.09907694,0.487683277,5.160439685,3.952973166,sweet osmanthus
2.267466185,0.040547281,1.055704339,0.482690945,4.496471419,3.294153718,sweet osmanthus
2.38849821,0.047579764,1.048789521,0.444032473,4.24454059,3.137882593,sweet osmanthus
2.26898986,0.047971884,1.028867793,0.472538963,4.285603131,3.060486757,sweet osmanthus
2.406694024,0.014914691,1.035849543,0.4359023,7.717758273,5.647751787,sweet osmanthus
2.250019061,0.046764923,1.088133652,0.449263431,4.226822503,3.184172167,sweet osmanthus
2.377449106,0.02858523,1.208494392,0.434114657,4.817554922,4.098205476,sweet osmanthus
2.507189367,0.031798985,1.13424313,0.448026808,4.664892541,3.78247201,sweet osmanthus
2.362823794,0.02083121,1.152814298,0.474531214,5.67590781,4.597501832,sweet osmanthus
2.367493296,0.026573657,1.095949698,0.487623064,5.209514123,4.013930597,sweet osmanthus
2.660444265,0.043773984,1.096344139,0.443706082,4.012548476,3.197330704,sweet osmanthus
2.313091848,0.033994509,1.079486784,0.480779317,4.764408096,3.590754271,sweet osmanthus
2.627010991,0.035629201,1.113087845,0.454944931,4.353686523,3.509939365,sweet osmanthus
44.83875384,0.003519997,1.1180126,0.379929998,3.652612588,3.994579246,deodar
52.95721118,0.003755601,1.110790161,0.331753111,3.504759343,3.820901466,deodar
51.09393218,0.004019614,1.081072749,0.335031783,3.52634834,3.739058994,deodar
47.50734656,0.003826673,1.099149351,0.348659283,3.613695749,3.890107013,deodar
43.52330813,0.004130736,1.060116331,0.337357633,3.83024487,3.9693056,deodar
51.21092047,0.003252631,1.113679267,0.343597954,3.753322685,4.099937821,deodar
52.0506716,0.003454336,1.072614702,0.322674108,3.870603964,4.073408201,deodar
41.09218083,0.00464367,1.092933552,0.324225072,3.678516331,3.924860363,deodar
41.90443346,0.003764649,1.081110464,0.354986033,3.908697502,4.127241997,deodar
35.78402649,0.004786747,1.12527255,0.380524791,3.480855228,3.810426825,deodar
54.30989476,0.003217422,1.113542845,0.333932746,3.7176634,4.064930521,deodar
53.76737486,0.002947794,1.091792223,0.380732634,3.728566948,3.996491099,deodar
47.84155851,0.0038014,1.079976202,0.332972515,3.762765584,3.980495654,deodar
55.94499326,0.003111429,1.108317374,0.335951862,3.731099182,4.062623861,deodar
54.64779504,0.003403167,1.066512358,0.304013781,3.943297413,4.130000544,deodar
57.24167042,0.003056828,1.057471355,0.328951262,3.94161286,4.09657636,deodar
56.07473107,0.003233177,1.10412011,0.350190432,3.594456275,3.899176107,deodar
52.11536976,0.00340261,1.015362097,0.336483587,4.031884906,4.016748942,deodar
72.85610314,0.003244115,1.086485555,0.2884651,3.524912485,3.777912063,deodar
53.31351687,0.003282113,1.083222933,0.305220219,3.994662249,4.247440644,deodar
59.54846765,0.003081054,1.061463285,0.334790225,3.80122627,3.968223572,deodar
61.15052152,0.003218111,1.060557199,0.308587828,3.826272582,3.992688141,deodar
56.94770313,0.003764671,1.113324981,0.329907657,3.377382127,3.695235663,deodar
38.46536104,0.004641988,1.104309529,0.388953885,3.436158766,3.698433161,deodar
52.04616294,0.003609197,1.071759032,0.348719807,3.645565547,3.833511807,deodar
44.89376734,0.004536691,1.086325939,0.349383538,3.450849287,3.667063952,deodar
43.59304243,0.005285664,1.131356972,0.328126193,3.214559951,3.555259156,deodar
61.24938665,0.002856574,1.083914532,0.351090144,3.72239145,3.96993822,deodar
48.13041227,0.00429607,1.131117042,0.338632478,3.341047601,3.702195785,deodar
43.50733775,0.003917651,1.103419511,0.350018236,3.710392555,4.002132021,deodar
0.411960132,0.043855568,3.674144038,0.368694859,3.33480401,3.574861722,gingko
0.596824939,0.050116289,2.456211087,0.529404184,3.235397863,2.970181831,gingko
0.699771365,0.00573912,2.128483441,0.625003144,9.377517255,8.217199028,gingko
0.445491596,0.048661445,3.333639077,0.382815314,3.29286943,3.383117124,gingko
0.66239269,0.052990807,2.364684508,0.481108445,3.25422271,3.066213478,gingko
0.637567872,0.051619397,2.383538323,0.532880369,3.168059464,2.939967833,gingko
0.558870051,0.052836294,2.407198702,0.484485238,3.473171225,2.997361043,gingko
0.557744476,0.055658987,2.78028055,0.444164424,3.063050832,3.049171723,gingko
0.545832395,0.048533578,2.780570947,0.450209563,3.293122259,3.233245921,gingko
0.497765025,0.052503314,3.157464891,0.404605754,3.079923265,3.231908968,gingko
0.557580433,0.057187541,2.880561403,0.433502158,2.95272335,3.044787147,gingko
0.700935787,0.04730878,2.176690521,0.559384005,3.373170569,3.025696089,gingko
0.551051337,0.05395973,2.868512527,0.444789713,3.031342224,3.089282384,gingko
0.531755988,0.05136713,2.96816765,0.47930115,2.944479215,3.034028966,gingko
0.502640786,0.050499753,3.120360536,0.430593454,3.06540612,3.199597507,gingko
0.605559047,0.050825064,2.480961092,0.522601957,3.178171397,2.973907685,gingko
0.593843596,0.049083848,2.555231657,0.529616935,3.149803418,2.998748923,gingko
0.668124121,0.050482138,2.199505241,0.558869621,3.311481274,2.917266426,gingko
0.612370872,0.050050604,2.457776831,0.517097387,3.231911503,3.016834509,gingko
0.54577478,0.053212115,2.842584077,0.432913089,3.137432064,3.148871192,gingko
0.63685685,0.053139191,2.355664054,0.526919489,3.178967818,2.913604577,gingko
0.700291206,0.050262515,2.1062415,0.557107896,3.390476452,2.941198,gingko
0.649615487,0.050513309,2.27029719,0.558140015,3.254727369,2.909852482,gingko
0.552115542,0.050206361,2.738050729,0.525763267,3.025304075,2.946567862,gingko
0.661262486,0.049865027,2.24299711,0.534577579,3.358001935,2.998094265,gingko
0.70277568,0.05048572,2.1555192,0.573535128,3.252186597,2.893254494,gingko
0.615878095,0.050661728,2.419788052,0.541529096,3.179247915,2.932161501,gingko
0.685535903,0.051354647,2.195191063,0.546325962,3.284708085,2.93265721,gingko
0.500589139,0.050323612,3.091638671,0.423765013,3.130560546,3.228720582,gingko
0.717459642,0.048705665,2.012689105,0.565086699,3.535715262,2.972794678,gingko
1.473653356,0.065567821,1.259867593,0.417360057,3.952543067,2.966593311,crepe myrtle
1.402399386,0.039296192,0.991813862,0.400036572,6.790611537,3.931565954,crepe myrtle
1.453305118,0.02751043,0.904696151,0.447535126,8.263358582,4.428580871,crepe myrtle
1.434994225,0.03882384,0.937929379,0.396040552,7.177706732,3.967418984,crepe myrtle
1.369475127,0.049837073,1.299053768,0.414261183,4.578069837,3.437253279,crepe myrtle
1.53717465,0.040969207,0.927581834,0.432334291,6.533524677,3.671745919,crepe myrtle
1.43373217,0.061835041,0.935565101,0.406083699,5.633351702,3.104817848,crepe myrtle
1.531732261,0.04211503,0.910374074,0.412096624,6.737062943,3.710697656,crepe myrtle
1.58928934,0.057695707,0.904233114,0.436336552,5.528859581,3.068586391,crepe myrtle
1.609561228,0.044565559,0.928794829,0.439392938,6.06457326,3.474241842,crepe myrtle
1.540066301,0.055084181,0.966251609,0.438197998,5.367739357,3.144676785,crepe myrtle
1.303309002,0.053521314,0.99554051,0.420592453,5.864395412,3.303523284,crepe myrtle
1.579140227,0.05095123,0.977230482,0.420391815,5.564013623,3.329131359,crepe myrtle
1.414129651,0.042330671,0.946339994,0.421316453,6.653902077,3.688520809,crepe myrtle
1.709110565,0.05555463,0.917108572,0.443400941,5.314173568,3.074679954,crepe myrtle
1.449108202,0.051500136,0.908450507,0.42627309,6.171634191,3.317372881,crepe myrtle
1.460594005,0.047009188,0.937052979,0.414391744,6.326655352,3.519069748,crepe myrtle
1.40987166,0.036187407,0.898556938,0.428889429,7.523383594,3.954981662,crepe myrtle
1.316293015,0.045351417,0.940729912,0.405433544,6.832875173,3.652813669,crepe myrtle
1.410597786,0.062161729,1.262196787,0.435701082,4.053362718,2.993787588,crepe myrtle
1.566155696,0.058610166,1.19020133,0.40315632,4.367560119,3.172570302,crepe myrtle
1.433410526,0.05873248,1.245380106,0.435998136,4.191131584,3.074598614,crepe myrtle
1.633268278,0.056340689,1.187855932,0.438518886,4.190851163,3.087652579,crepe myrtle
1.463396106,0.045205135,1.262278105,0.431776474,4.687492953,3.514983749,crepe myrtle
1.462714956,0.038036214,1.20320123,0.437157864,5.329225462,3.808446995,crepe myrtle
1.38155045,0.058099087,1.3223315,0.415351774,4.141747261,3.177100112,crepe myrtle
1.512285472,0.033570271,1.206249107,0.425869547,5.63806903,4.093852458,crepe myrtle
1.653073188,0.044412504,1.131366383,0.427199713,4.990942694,3.518266269,crepe myrtle
1.597160461,0.061182896,1.171671096,0.425251688,4.18679763,3.016737026,crepe myrtle
1.613151873,0.045248549,1.205792122,0.437052085,4.6432386,3.456241248,crepe myrtle
4.99349721,0.011055853,1.015338196,0.461429885,6.170748944,5.220031287,oleander
5.548581528,0.007823743,1.031331759,0.427789833,7.115216173,6.217577741,oleander
5.018223057,0.01144281,1.027789935,0.448211624,6.064748081,5.197551574,oleander
5.436887021,0.013333634,1.049030378,0.438401889,5.347198539,4.737931703,oleander
5.109716221,0.01106748,1.043843228,0.444654664,6.041301771,5.2740173,oleander
5.373359987,0.024808217,1.001702531,0.458847795,4.036511146,3.408963998,oleander
5.583730651,0.017234282,1.055331927,0.444772695,4.580185145,4.099439829,oleander
5.004038721,0.017481428,1.037746542,0.445050591,4.883770247,4.223997932,oleander
5.304615013,0.013572499,1.021349095,0.458089881,5.391301312,4.633008652,oleander
5.497751045,0.014356999,1.008406118,0.475752172,5.117404813,4.366236412,oleander
6.954328958,0.017624223,1.028662591,0.444223809,4.166232779,3.74686599,oleander
6.144651388,0.017014863,1.027188481,0.474534043,4.370723398,3.861176632,oleander
5.954193169,0.012823613,1.063165139,0.452520974,5.060148422,4.606172026,oleander
6.390041655,0.019548927,1.040125993,0.458959876,4.015257332,3.611238203,oleander
6.383697626,0.009241058,1.076485321,0.447878183,5.714982859,5.318895388,oleander
6.111776175,0.013436881,1.004477929,0.44738986,5.193780367,4.48346042,oleander
5.05644503,0.00995993,1.023921484,0.451011587,6.480204487,5.539657017,oleander
5.177407829,0.013185119,1.021184981,0.470380981,5.46477761,4.677168472,oleander
4.910690828,0.019394513,1.017777131,0.45190752,4.736001073,4.004689321,oleander
5.764026632,0.022898214,1.059832952,0.444314484,3.896310473,3.518938234,oleander
5.189444562,0.016647566,1.044166774,0.457996362,4.814634323,4.215046564,oleander
5.920082736,0.014097913,1.058675868,0.454502081,4.849843811,4.392454339,oleander
6.230744538,0.013780857,1.063547816,0.4525341,4.769899667,4.371426607,oleander
6.141642262,0.009959169,1.070604395,0.437156826,5.712135882,5.25913085,oleander
5.507233604,0.01616696,1.03475663,0.435733883,4.906481727,4.296803611,oleander
6.377722005,0.016998989,1.065613585,0.425010836,4.371755981,4.027160695,oleander
5.562374399,0.023585469,1.053864759,0.449444015,3.907733624,3.490672037,oleander
5.372458371,0.025186645,1.092817442,0.451195045,3.703382154,3.41202496,oleander
6.578364102,0.011564706,1.087237573,0.459375673,4.920002193,4.643358216,oleander
5.370356039,0.022517359,1.033241632,0.446049566,4.167218561,3.629840558,oleander
7.47563018,0.020156518,1.065279416,0.421146718,3.726388171,3.501284795,yew plum pine
8.14254701,0.017805155,1.05212386,0.391754256,3.988166189,3.737086838,yew plum pine
7.615598202,0.020475991,1.13926476,0.414852575,3.451071553,3.475339316,yew plum pine
8.022022056,0.021894638,1.166886198,0.384905061,3.295974734,3.41973414,yew plum pine
7.405237808,0.019447476,1.085205966,0.419714216,3.748088717,3.583529956,yew plum pine
7.802272514,0.022494511,1.084351734,0.406729301,3.451661934,3.317605456,yew plum pine
8.61748291,0.017022556,1.088558509,0.398239666,3.800785588,3.707184111,yew plum pine
9.035728438,0.01601598,1.075461769,0.39586632,3.884833434,3.761678271,yew plum pine
7.967423685,0.017559061,1.111331798,0.421596512,3.70508478,3.658407796,yew plum pine
8.476016656,0.019240916,1.107659994,0.391139484,3.574529877,3.541533774,yew plum pine
8.137697231,0.020061738,1.107910281,0.388869705,3.582269991,3.534497438,yew plum pine
8.151891045,0.020748677,1.072585153,0.394382977,3.609813376,3.448768603,yew plum pine
10.68617694,0.014587542,1.100390803,0.376469898,3.751333583,3.774700862,yew plum pine
9.830693405,0.015147389,1.141813011,0.387996051,3.643597488,3.776185075,yew plum pine
9.255973527,0.015547465,1.092467397,0.410177542,3.767599501,3.714654518,yew plum pine
9.040757712,0.018249563,1.167299767,0.392429766,3.36672759,3.538577568,yew plum pine
8.245625574,0.019769951,1.085965724,0.393290926,3.636740492,3.522213997,yew plum pine
8.316789472,0.019614835,1.139322753,0.4025852,3.424949257,3.483295655,yew plum pine
8.689883687,0.018205235,1.074883973,0.395714117,3.718283653,3.584259987,yew plum pine
9.531671861,0.016958687,1.091327322,0.3823591,3.685773201,3.640452759,yew plum pine
8.275312778,0.016967185,1.085318627,0.415543544,3.814497757,3.693605212,yew plum pine
9.309513131,0.015327234,1.117482591,0.400068028,3.745389078,3.779431847,yew plum pine
9.373386572,0.015284205,1.066834103,0.400321802,3.914071944,3.773129055,yew plum pine
8.110992372,0.020206248,1.081539844,0.403035938,3.597540983,3.463830114,yew plum pine
7.680713693,0.019637888,1.112450416,0.402152254,3.649857454,3.59254908,yew plum pine
8.170199898,0.018611039,1.101823939,0.407722814,3.645051237,3.5782421,yew plum pine
8.687604068,0.017240555,1.057523691,0.395101742,3.88713655,3.686409202,yew plum pine
8.20921887,0.01950305,1.081260772,0.388429275,3.708611925,3.574545898,yew plum pine
8.608498565,0.01767545,1.071140117,0.393218289,3.816699031,3.662739918,yew plum pine
9.750837597,0.015399049,1.134211092,0.413128517,3.539937647,3.64157387,yew plum pine
1.678419252,0.05100427,1.174890671,0.471535247,4.236351324,3.118970873,japanese flowering cherry
2.047964269,0.048708053,1.226549295,0.473779678,3.750293066,3.090741745,japanese flowering cherry
2.120853511,0.0374302,1.190853481,0.51979383,4.133897469,3.345455981,japanese flowering cherry
2.272316444,0.039934545,1.109725536,0.50610592,4.204892863,3.240291125,japanese flowering cherry
2.028000098,0.042161077,1.03508295,0.469800517,4.820346595,3.34168499,japanese flowering cherry
2.056188831,0.035851192,1.208115995,0.530737656,4.184736498,3.401414529,japanese flowering cherry
2.173927376,0.037677044,1.174505222,0.522279333,4.116543419,3.311583416,japanese flowering cherry
2.148789426,0.039662108,1.204022844,0.497280404,4.0344076,3.314856558,japanese flowering cherry
2.403309327,0.037868206,1.187352996,0.527202469,3.844936983,3.223868558,japanese flowering cherry
2.257364247,0.039479566,1.153674781,0.499584983,4.107947709,3.28430607,japanese flowering cherry
2.152821393,0.040500165,1.057254095,0.512854401,4.472920537,3.22908287,japanese flowering cherry
2.513448689,0.03355611,1.136098144,0.517895505,4.211552951,3.422902465,japanese flowering cherry
2.183678216,0.04074713,1.185712975,0.516011795,3.935933729,3.201008487,japanese flowering cherry
1.944603622,0.041338803,1.090327812,0.512864532,4.516968727,3.252433476,japanese flowering cherry
2.330058143,0.041382948,1.033846417,0.519205859,4.322948792,3.127166895,japanese flowering cherry
2.408905349,0.040178609,1.119551738,0.530986373,3.940096195,3.117136256,japanese flowering cherry
2.298814505,0.037834431,1.127394222,0.525842459,4.147637617,3.258536895,japanese flowering cherry
2.157088224,0.039809244,1.102937825,0.486740661,4.434802027,3.342000095,japanese flowering cherry
2.299953459,0.037524491,1.174398175,0.521762446,4.012650128,3.284414003,japanese flowering cherry
2.606510871,0.036854604,1.144830957,0.541441337,3.83007504,3.168990538,japanese flowering cherry
2.232175815,0.038391305,1.155214372,0.534075791,4.046274401,3.228132386,japanese flowering cherry
2.630268503,0.036465258,1.163140415,0.520523869,3.847758809,3.242659327,japanese flowering cherry
2.070549993,0.051878511,1.093244549,0.477555967,4.038628724,2.977287667,japanese flowering cherry
2.088661959,0.04094697,1.116586228,0.491166769,4.36966638,3.299425487,japanese flowering cherry
2.15668997,0.049682095,1.099514424,0.49505026,3.948940724,2.966452059,japanese flowering cherry
1.718709036,0.042337899,1.236689541,0.536771959,4.091462438,3.198739594,japanese flowering cherry
2.233863927,0.041954629,1.076646798,0.523348932,4.193848888,3.119040429,japanese flowering cherry
1.860720279,0.045168025,1.209564976,0.523885989,3.940000792,3.099782401,japanese flowering cherry
1.838010772,0.040154574,1.220020421,0.545045648,4.086720409,3.229059439,japanese flowering cherry
1.731298965,0.039303664,1.266012184,0.529168231,4.162580837,3.340437845,japanese flowering cherry
1.680049042,0.064051528,1.211587751,0.453579003,3.73588009,2.837442179,glossy privet
1.716742595,0.061348906,1.096592901,0.443035497,4.221621622,2.925374196,glossy privet
2.167957208,0.055099591,1.002933105,0.455150193,4.27613226,2.934908021,glossy privet
1.665318085,0.065828513,1.213987505,0.407975158,3.895052363,2.954443366,glossy privet
2.34475087,0.051818063,1.084795277,0.448929359,3.947064942,3.001615007,glossy privet
2.172208349,0.053024411,1.113159938,0.458890176,3.907503587,2.978493989,glossy privet
2.222706191,0.052296667,1.155312402,0.455836884,3.76025934,2.996253675,glossy privet
2.360713873,0.050480473,1.071488046,0.457063019,3.998906432,3.009819047,glossy privet
2.18874778,0.05222702,1.12785277,0.4584824,3.872940017,2.998256133,glossy privet
2.292653732,0.051950329,1.120983102,0.473075747,3.758133524,2.9333486,glossy privet
2.156235423,0.055924119,1.015832179,0.428303937,4.331659764,3.006097689,glossy privet
2.346867642,0.050712893,1.100248987,0.461162526,3.879524762,2.993088544,glossy privet
2.163307152,0.054283093,1.067100615,0.461572747,4.025160141,2.937415326,glossy privet
2.326003302,0.054077277,1.071881901,0.441922225,3.957013829,2.96621179,glossy privet
2.097664111,0.058379742,1.096703768,0.459209419,3.845087361,2.855598668,glossy privet
2.124603796,0.055886553,1.094207515,0.449451679,3.956090026,2.943397091,glossy privet
2.142876358,0.05500002,1.087492044,0.442191667,4.027992492,2.986651559,glossy privet
2.051636165,0.056949315,1.073487433,0.467798526,3.984549138,2.875701107,glossy privet
2.025989434,0.050691985,1.061814077,0.488241096,4.205775818,2.989953038,glossy privet
2.039556722,0.056230985,1.075609774,0.470398276,4.002733336,2.888929434,glossy privet
1.939524063,0.057419598,1.122484521,0.464309361,3.917763878,2.901594845,glossy privet
1.910056414,0.056865327,1.515887513,0.461938047,2.94506096,2.930259282,glossy privet
2.180939475,0.052867375,1.074991582,0.45659502,4.054279363,2.988181287,glossy privet
2.137568613,0.05139719,1.015476292,0.454216399,4.408279121,3.049760293,glossy privet
2.042251401,0.055519481,1.033829156,0.475173059,4.167235252,2.892083963,glossy privet
2.131118014,0.053481075,1.184114799,0.460482851,3.686342182,2.970964879,glossy privet
2.305736569,0.051258052,1.113917009,0.464240346,3.832567657,2.977721736,glossy privet
2.021219713,0.056139167,1.173137499,0.471471247,3.685392352,2.892436697,glossy privet
2.156972407,0.057469994,1.114319461,0.430531134,3.88458951,2.957526548,glossy privet
2.095869007,0.056288039,1.101563621,0.451884507,3.931756036,2.932092764,glossy privet
4.419883276,0.026720081,1.130674248,0.512500068,3.594936691,3.314741109,chinese toon
3.607560697,0.031940127,0.939422818,0.479173919,4.530197818,3.332121686,chinese toon
3.207230797,0.031942914,1.180624673,0.487747302,3.78911978,3.410233104,chinese toon
3.357414458,0.032922117,1.013662197,0.542730748,4.02780266,3.145846451,chinese toon
2.914457919,0.039725772,1.300780413,0.439429688,3.408287687,3.300854603,chinese toon
3.764960122,0.027121215,1.507331331,0.486056244,2.977921535,3.546688829,chinese toon
3.024221327,0.0348427,1.226727718,0.432633084,3.817941505,3.519728476,chinese toon
3.11658977,0.035468744,1.41804829,0.405517317,3.330746285,3.57581155,chinese toon
3.043517696,0.037658695,1.195522372,0.4633616,3.629624729,3.266148418,chinese toon
4.095025666,0.027615863,1.303698473,0.521304108,3.159145635,3.310221508,chinese toon
4.600688173,0.023762041,1.16762317,0.557109316,3.470354278,3.328571747,chinese toon
3.525743345,0.030773459,1.215082228,0.4738996,3.629423598,3.435611919,chinese toon
3.587813863,0.0250949,1.206669316,0.499151457,3.909199831,3.688928645,chinese toon
4.780778804,0.016147254,1.11949825,0.50991515,4.502243321,4.168354818,chinese toon
3.759410634,0.02368695,1.391139528,0.464481085,3.534523224,3.883900715,chinese toon
3.77486445,0.030565702,1.301621075,0.441631356,3.403436141,3.502212486,chinese toon
3.797448954,0.027276023,1.287608393,0.462921016,3.546714706,3.614861287,chinese toon
4.604124446,0.023241147,1.199562854,0.509829609,3.569128302,3.51742181,chinese toon
3.847779499,0.028127881,1.203148948,0.506303243,3.550599216,3.3906922,chinese toon
4.562559877,0.02425856,1.241146015,0.529918655,3.326869158,3.38682281,chinese toon
3.937862025,0.023563477,1.24101997,0.503653246,3.727395515,3.688975687,chinese toon
4.065792217,0.018061775,1.123737227,0.523532932,4.538480042,4.093294632,chinese toon
3.887113751,0.029242009,1.079883756,0.501118942,3.880032431,3.332630513,chinese toon
3.827672069,0.030737139,1.136233725,0.503049989,3.617659348,3.259059628,chinese toon
3.843271157,0.027237804,1.045498706,0.488362513,4.230276799,3.509574997,chinese toon
3.628266261,0.033189663,1.229785845,0.490197384,3.34683282,3.226594015,chinese toon
3.710433945,0.031436701,1.122579058,0.473050075,3.79226496,3.353353948,chinese toon
3.453630608,0.034603456,1.145344559,0.460862104,3.720323148,3.304292716,chinese toon
3.184497124,0.035207014,1.0969538,0.454359746,4.039026599,3.371806452,chinese toon
3.89901881,0.02995116,1.021435178,0.495635775,4.069334388,3.308113583,chinese toon
2.985324481,0.046747395,1.014653834,0.477680921,3.817145122,2.90124515,peach
3.407065554,0.036249555,1.116395187,0.466801457,3.730562804,3.219758442,peach
3.19189099,0.036970263,1.219951514,0.476798897,3.455727714,3.210111791,peach
2.719117219,0.041198332,0.987165026,0.47265086,4.402366864,3.177342668,peach
3.642177576,0.02487686,1.196369858,0.454983828,4.116785279,3.864230688,peach
3.781599652,0.031356249,1.124517469,0.482263925,3.718703706,3.307197426,peach
3.342944281,0.025239534,1.230607034,0.4910511,3.992197602,3.781606217,peach
3.775279463,0.032888834,0.954560603,0.440354218,4.480191946,3.381041021,peach
3.875078301,0.0223152,1.216942103,0.461722448,4.112434101,3.978027264,peach
4.151468177,0.026840252,1.200878464,0.495136892,3.545227802,3.430946094,peach
3.938435473,0.031048879,1.141681516,0.495205941,3.559403962,3.240832611,peach
3.627542802,0.026957464,1.126904802,0.509292128,3.976339908,3.512633449,peach
3.808904075,0.028541123,1.007854972,0.489176882,4.302624537,3.434673135,peach
3.258908633,0.034104069,1.118384693,0.494692591,3.813308059,3.263374888,peach
3.941407131,0.029444915,1.149020961,0.48109887,3.683189637,3.37561332,peach
3.651549744,0.032782076,1.126372068,0.467913012,3.75127348,3.316959361,peach
2.899641066,0.033964891,1.055275664,0.441139894,4.546306108,3.567337534,peach
2.81470203,0.038882214,1.035349782,0.417740214,4.517186832,3.450856941,peach
3.203701869,0.032800012,0.967315427,0.472885106,4.637575765,3.418844269,peach
3.674463553,0.031635082,0.941638304,0.497168499,4.417561759,3.269858147,peach
3.410866021,0.036654397,1.198317498,0.480543042,3.404603807,3.154854072,peach
3.845950826,0.032523497,1.179280333,0.485577102,3.440751955,3.2202912,peach
3.735362007,0.032964694,1.226732844,0.484025701,3.339065372,3.231129962,peach
3.821442445,0.030625572,1.190983405,0.492014919,3.49904385,3.302976102,peach
3.634034743,0.018719779,1.045613294,0.441691628,5.517272356,4.524028258,peach
3.13460402,0.037873002,1.158635605,0.496600668,3.554620752,3.122402642,peach
3.409221263,0.030785682,1.018671189,0.458189213,4.476530667,3.525891002,peach
4.061641884,0.016255022,0.973175471,0.418962081,6.178412415,4.824788301,peach
3.708174876,0.027959199,0.988333285,0.46362991,4.614964748,3.592356519,peach
3.08099013,0.025931977,1.008521357,0.463835836,5.150741833,3.921747646,peach
4.836898454,0.029302721,1.201866908,0.399569301,3.496311401,3.482180794,ford woodlotus
4.652791284,0.029935148,1.088220196,0.438539394,3.71818867,3.330418616,ford woodlotus
3.343526958,0.037322574,1.134126666,0.430829269,3.802748708,3.319873204,ford woodlotus
4.866708623,0.032523348,1.125133105,0.391388483,3.570892558,3.332894084,ford woodlotus
3.198387108,0.040031491,1.077488926,0.456650726,3.8382098,3.150576809,ford woodlotus
3.840595926,0.035998253,1.102164825,0.425018127,3.742912761,3.273075606,ford woodlotus
4.007305067,0.025833713,1.038794873,0.446334412,4.478374376,3.723047251,ford woodlotus
3.994356739,0.034773518,1.049020906,0.456553464,3.78549167,3.175950519,ford woodlotus
3.682391563,0.032422047,0.898492353,0.443449448,4.837025239,3.417865569,ford woodlotus
4.531827214,0.02994773,0.97212028,0.427328982,4.271497858,3.401769892,ford woodlotus
4.710287404,0.02957919,1.2087809,0.400104169,3.503878417,3.493703596,ford woodlotus
4.554609971,0.030859585,0.962939027,0.429123417,4.228530475,3.338765187,ford woodlotus
3.180056762,0.042434359,1.054641247,0.45069115,3.844850656,3.08487038,ford woodlotus
4.030900831,0.023083668,1.003100156,0.432414811,4.969949228,3.994409695,ford woodlotus
3.086183187,0.00358238,1.060533793,0.495702377,12.7370338,10.20226691,ford woodlotus
3.547480445,0.008729993,1.022873699,0.449505976,8.285969013,6.611720504,ford woodlotus
3.575885733,0.009625996,1.073475896,0.464849663,7.364390298,6.177852797,ford woodlotus
3.845289735,0.033921476,1.119423194,0.421029178,3.811954405,3.386501835,ford woodlotus
4.227427951,0.002026417,1.052086325,0.597112445,13.28978668,11.30726431,ford woodlotus
3.495846296,0.028206971,1.083686473,0.438156225,4.439432544,3.74086459,ford woodlotus
3.95409385,0.010028172,1.055855642,0.443224359,7.144128551,6.020555289,ford woodlotus
3.706630634,0.00608495,1.074146896,0.474291217,9.001100334,7.614273528,ford woodlotus
4.574985463,0.030369084,1.081279527,0.44536499,3.71786209,3.298961409,ford woodlotus
4.282454771,0.031598866,1.121153981,0.451706495,3.607650255,3.279039806,ford woodlotus
3.491101041,0.039847471,1.062392542,0.436039264,3.821823257,3.15620501,ford woodlotus
3.936868602,0.0351998,1.099946982,0.432837612,3.712104514,3.256051755,ford woodlotus
4.162221717,0.031812718,1.06278285,0.420901929,3.985676191,3.415349144,ford woodlotus
3.52399654,0.038481302,1.111876032,0.433126418,3.71102328,3.214128655,ford woodlotus
3.600001156,0.037861699,1.080602497,0.437075723,3.79144117,3.206379977,ford woodlotus
3.702612537,0.037610102,1.0800013,0.429738442,3.78501172,3.218552345,ford woodlotus
0.837090225,0.026948116,1.811934685,0.808015835,4.087871046,3.375060096,trident maple
0.781556525,0.030165964,1.912553129,0.794757284,3.819710358,3.20482801,trident maple
0.779971739,0.028376369,1.861751538,0.72625632,4.236580564,3.456232508,trident maple
0.838080147,0.028835356,1.74832282,0.757392876,4.227779533,3.370195286,trident maple
0.782703902,0.031630538,1.871348757,0.67909488,4.12124086,3.386109621,trident maple
0.772445999,0.025034822,1.898822222,0.78922135,4.262947321,3.527681659,trident maple
0.860093476,0.027354984,1.687632513,0.792360186,4.339800211,3.386557892,trident maple
0.876193042,0.027339431,1.65198972,0.803104279,4.364274415,3.366988783,trident maple
0.989584364,0.033780002,1.626754861,0.63297093,4.226002595,3.419340403,trident maple
0.856946642,0.024442359,1.736489172,0.840243947,4.340869952,3.478589736,trident maple
0.825391841,0.02621505,1.74720445,0.806487403,4.33263447,3.422944395,trident maple
0.813902343,0.028605908,1.842586761,0.809657464,3.952823081,3.268087834,trident maple
0.771798683,0.026517829,1.900098632,0.747831777,4.25403341,3.521005475,trident maple
0.776647284,0.026090675,1.869810328,0.775313216,4.266868758,3.487622338,trident maple
0.759386664,0.027257144,1.868750315,0.783992965,4.200693384,3.388238179,trident maple
1.105342264,0.037540568,1.739572848,0.539474591,3.842139029,3.509051673,trident maple
0.793233074,0.025908123,1.901318012,0.791867549,4.122878918,3.467523527,trident maple
1.146120993,0.040985347,1.643915641,0.519478903,3.894098854,3.418713952,trident maple
0.891366846,0.027990601,1.638732171,0.804833445,4.306303806,3.325778719,trident maple
0.909613745,0.027185061,1.629595578,0.846553138,4.241303837,3.292234073,trident maple
1.1034484,0.039546328,1.645033064,0.545605993,3.939641534,3.399785406,trident maple
0.813419342,0.024619577,1.302475929,0.777776351,6.151845063,3.594109847,trident maple
0.828413151,0.026771731,1.750834484,0.825995253,4.219921883,3.347512072,trident maple
0.883827104,0.021329708,1.660786095,0.876894087,4.683134303,3.649022888,trident maple
0.811452043,0.03833371,1.863712259,0.643332757,3.792987811,3.166622741,trident maple
0.953428817,0.03762157,1.614906356,0.616445257,4.164307612,3.282319333,trident maple
0.904498469,0.026110737,1.608293183,0.866265494,4.347061566,3.320383295,trident maple
0.897266927,0.033327237,1.705461204,0.656138751,4.186005816,3.376252322,trident maple
0.897530683,0.03463977,1.64152531,0.683658583,4.178502126,3.244357533,trident maple
0.792037625,0.024740544,1.797378973,0.794267825,4.459635147,3.542726904,trident maple
1.578197917,0.0493237,1.122399048,0.458874761,4.714081319,3.238840582,beals barberry
1.297160261,0.035742011,1.191539647,0.503889408,5.490824716,3.694438302,beals barberry
1.367423071,0.044850121,1.448997644,0.453964214,4.136073522,3.461648419,beals barberry
1.683666937,0.049887288,1.231489687,0.47103527,4.082436762,3.154117101,beals barberry
1.611913418,0.040600004,1.170765232,0.496157729,4.74008804,3.424831104,beals barberry
1.615691522,0.027073024,1.0509062,0.420030774,7.020174153,4.557049665,beals barberry
1.803600313,0.043756973,1.229999688,0.461548267,4.259833724,3.370713581,beals barberry
1.639116339,0.048592621,1.298011583,0.441232068,4.109583847,3.313047463,beals barberry
1.481696866,0.041359724,1.219698783,0.472174673,4.819783892,3.509868023,beals barberry
1.336741893,0.04210202,1.138910081,0.484851489,5.315338783,3.463037557,beals barberry
1.407148504,0.011838677,1.316775217,0.465950343,8.619796062,6.635072678,beals barberry
1.479610947,0.040027147,1.203950871,0.443215237,5.126639821,3.683032596,beals barberry
1.429828165,0.043564959,1.430632615,0.462530706,4.11804432,3.466789112,beals barberry
1.201756168,0.037478136,1.210696251,0.477108637,5.634546801,3.723413992,beals barberry
1.384821879,0.044008836,1.311574189,0.480476191,4.455580603,3.393400622,beals barberry
1.333215337,0.039616138,1.354487712,0.508559462,4.504720444,3.486489747,beals barberry
1.310611425,0.045126887,1.326162496,0.455638581,4.593443219,3.455271096,beals barberry
1.413297689,0.037485182,1.353108162,0.497153626,4.553816679,3.608534061,beals barberry
1.464024276,0.041586971,1.181799738,0.485245323,4.922918528,3.456764823,beals barberry
1.568232322,0.041720518,1.173711257,0.419791707,5.140930788,3.684504746,beals barberry
1.269994899,0.03368137,1.175828775,0.49110281,5.86778033,3.860068629,beals barberry
1.337133118,0.040153626,1.301126509,0.478598922,4.794517536,3.569074656,beals barberry
1.514782984,0.036409569,1.159222498,0.491222671,5.240962107,3.659550341,beals barberry
1.356418435,0.042534751,1.063885539,0.422485604,6.020469332,3.686943871,beals barberry
1.538883101,0.043822585,1.321155244,0.44652524,4.36185608,3.492915749,beals barberry
1.624490214,0.046233179,1.089661053,0.409634401,5.232086696,3.528893093,beals barberry
1.361275042,0.031630627,1.270451058,0.44482067,5.687517401,4.165623194,beals barberry
1.590704701,0.02954373,1.278575984,0.441260889,5.431231231,4.263796678,beals barberry
1.470659156,0.048623104,1.053372993,0.508559078,4.978170429,3.121412287,beals barberry
1.315786722,0.043845098,1.173397004,0.495398838,5.041087802,3.360904534,beals barberry
2.486822833,0.009281989,1.024184053,0.454938176,9.528024409,6.959785186,southern magnolia
2.575688839,0.010179129,0.971328244,0.495554154,9.032051799,6.319549413,southern magnolia
2.318951418,0.010090686,0.920935935,0.470810446,10.3452589,6.656739135,southern magnolia
2.426160277,0.001916238,0.965603454,0.565132828,20.20418883,13.81503666,southern magnolia
3.106054519,0.005948049,1.000235545,0.491065413,10.49629969,7.941871738,southern magnolia
2.825572842,0.005540398,1.017147497,0.470459806,11.45594893,8.606469529,southern magnolia
2.615839184,0.011894279,1.041025818,0.485761317,7.813623014,5.884585654,southern magnolia
2.27873411,0.005879099,1.099529926,0.483829876,11.29651269,8.632546037,southern magnolia
2.588584312,0.0050262,1.041398332,0.464918361,12.34649688,9.274698262,southern magnolia
2.707833591,0.012550448,1.07262913,0.448402276,7.552242163,5.915987276,southern magnolia
2.584524683,0.012954268,1.120143463,0.466153648,7.146033276,5.771487929,southern magnolia
2.743829054,0.012662768,1.087675875,0.477367229,7.138900812,5.690781144,southern magnolia
2.304993911,0.011650337,1.04948237,0.457846085,8.593319753,6.289776857,southern magnolia
2.412633384,0.010911027,1.035062947,0.440038896,8.976545047,6.568673487,southern magnolia
2.49944143,0.010697113,1.080531956,0.443160285,8.502119266,6.561589295,southern magnolia
2.971483879,0.003809789,1.097462166,0.530946326,11.75297918,9.650684075,southern magnolia
2.582710362,0.003994696,0.984629127,0.503504214,14.09113784,10.00190551,southern magnolia
2.58952485,0.009111071,0.985521689,0.471265465,9.62290624,6.84156661,southern magnolia
2.671135177,0.010172483,1.034084844,0.45432599,8.703593912,6.548627433,southern magnolia
2.65557621,0.016166537,1.029353852,0.450085462,6.98875689,5.225977726,southern magnolia
2.527436354,0.007801623,1.01096438,0.472762928,10.24495009,7.42107366,southern magnolia
2.627338052,0.008639505,1.001378298,0.469461637,9.673850169,7.016579585,southern magnolia
2.367706515,0.019452402,1.040037954,0.461298727,6.596432648,4.823385269,southern magnolia
2.60522381,0.006102996,0.993568375,0.480485901,11.51510337,8.267580046,southern magnolia
2.48476822,0.007055895,1.011569892,0.49496511,10.61201421,7.654303946,southern magnolia
3.09227737,0.008174325,0.982654493,0.489169675,9.151751687,6.795453611,southern magnolia
2.860555383,0.007190977,1.025917619,0.498961006,9.621329292,7.31388522,southern magnolia
2.489885892,0.007493086,1.011422612,0.465912503,10.60461952,7.652370117,southern magnolia
2.637498229,0.008825556,0.995595586,0.465841389,9.645635973,6.963109359,southern magnolia
2.162334599,0.006555045,0.950499478,0.478799422,12.77091508,8.300208029,southern magnolia
1.08000678,0.036139988,1.646979927,0.491574767,4.383385459,3.748518857,canadian poplar
1.002056712,0.040190137,1.572126042,0.411351613,4.94197043,3.888690955,canadian poplar
1.077321959,0.042485381,1.574322358,0.420721528,4.577374581,3.73724713,canadian poplar
1.133526539,0.024839693,1.584634157,0.424830876,5.769975837,4.857766667,canadian poplar
1.052061259,0.035100615,1.07705937,0.419691084,7.457918083,4.118204978,canadian poplar
0.969736843,0.034508058,1.849452597,0.45217358,4.395588176,4.00226544,canadian poplar
1.078249564,0.033766604,1.640399532,0.46732738,4.673437232,3.977476697,canadian poplar
1.107709859,0.030731922,1.186908739,0.442893287,6.861597669,4.280137993,canadian poplar
1.034460998,0.029829711,1.216602896,0.461846617,6.885265374,4.259261278,canadian poplar
0.966733117,0.036915203,1.271767225,0.46227939,6.121871008,3.826951589,canadian poplar
1.026585739,0.031117041,1.200912633,0.463609078,6.842516665,4.162531395,canadian poplar
1.015936282,0.024704151,1.247707303,0.41822299,7.822852282,4.918894592,canadian poplar
1.165309211,0.028625868,1.220486075,0.440385427,6.760063593,4.440223858,canadian poplar
1.225361825,0.028239768,1.258265918,0.426796207,6.539650745,4.530964931,canadian poplar
0.978395603,0.046919397,1.314268335,0.425479543,5.444313902,3.538576231,canadian poplar
0.959640716,0.040639183,1.381291474,0.464088879,5.381300853,3.640028765,canadian poplar
0.959534664,0.039050105,1.288297061,0.461062427,5.905581647,3.725515824,canadian poplar
1.025054483,0.040976091,1.298376661,0.460377343,5.538645755,3.640110156,canadian poplar
1.006784136,0.039414835,1.443257413,0.475105866,5.046182682,3.653780639,canadian poplar
1.138245902,0.038505987,1.341487964,0.432804407,5.412341647,3.865008297,canadian poplar
1.005468358,0.045957579,1.546134679,0.443079101,4.520112781,3.503879692,canadian poplar
0.961368909,0.037029786,1.518709161,0.456868964,5.163080817,3.843388812,canadian poplar
1.08964516,0.042946433,1.273579208,0.431038893,5.52853056,3.671539659,canadian poplar
1.00081383,0.042850296,1.536586213,0.455202048,4.657870409,3.580065324,canadian poplar
1.011486177,0.047202091,1.601838684,0.418320926,4.417390893,3.558176678,canadian poplar
1.023101438,0.040435645,1.414703597,0.459207916,5.128475979,3.66906005,canadian poplar
0.943907154,0.041963939,1.615009281,0.44538384,4.661814493,3.655811292,canadian poplar
0.926224383,0.045179678,1.594583834,0.437012182,4.637417531,3.555763683,canadian poplar
1.030817063,0.038988903,1.437119835,0.481538578,5.001844264,3.648664609,canadian poplar
1.049925771,0.041691009,1.428274264,0.458439963,4.942499748,3.615586258,canadian poplar
0.754251447,0.03540569,1.901909094,0.423431441,4.944519402,4.043320325,chinese tulip tree
0.872221621,0.047321927,1.776434392,0.406604553,4.345303097,3.596158618,chinese tulip tree
0.840251597,0.038067319,1.760722699,0.44135817,4.780052098,3.842870385,chinese tulip tree
0.71503853,0.03902059,2.035479521,0.389537697,4.712451321,3.99916366,chinese tulip tree
0.802151779,0.044937754,1.875525828,0.432848367,4.268498216,3.563389857,chinese tulip tree
0.854252643,0.039905588,1.645072437,0.462650356,4.840369368,3.668436062,chinese tulip tree
0.840581047,0.034670499,1.692270134,0.443368663,5.198499085,4.017651937,chinese tulip tree
0.757966239,0.027950248,1.870348143,0.445485135,5.503553277,4.438180484,chinese tulip tree
0.812842443,0.025149201,1.81839662,0.480621316,5.548103976,4.523551289,chinese tulip tree
0.799299854,0.027795318,1.853295287,0.508915921,5.074481481,4.177750329,chinese tulip tree
0.770552935,0.022889486,1.862929543,0.466209234,5.919620579,4.799365935,chinese tulip tree
0.666192548,0.022802458,2.169615172,0.497526033,5.301742907,4.599132861,chinese tulip tree
0.766734603,0.025843565,1.897359976,0.475783655,5.428086543,4.469616348,chinese tulip tree
0.698193878,0.034257521,2.075866477,0.475367569,4.51772534,3.855742343,chinese tulip tree
0.800189042,0.051016373,1.96351726,0.43129935,3.838175108,3.349916593,chinese tulip tree
0.772206702,0.053150245,1.90217332,0.429715496,3.958585104,3.28102292,chinese tulip tree
0.722894219,0.04098387,2.098048566,0.411323072,4.317666227,3.800850096,chinese tulip tree
0.891482456,0.049658426,1.667018487,0.478037482,4.123592445,3.239862916,chinese tulip tree
0.871685792,0.051130808,1.729846168,0.468339126,4.001206658,3.223483788,chinese tulip tree
0.675121683,0.042011706,2.17331313,0.454912733,4.050768865,3.548096828,chinese tulip tree
0.604271247,0.043297631,2.353406111,0.45195855,3.907561211,3.463831811,chinese tulip tree
0.87968042,0.055718363,1.731406202,0.420089847,4.02502241,3.261430886,chinese tulip tree
0.772216246,0.038907037,1.857479753,0.494295005,4.417730877,3.575572307,chinese tulip tree
0.73114733,0.039844468,2.062889358,0.460303828,4.186155023,3.647221261,chinese tulip tree
0.809593948,0.040467902,1.760050504,0.475866399,4.550335086,3.583064508,chinese tulip tree
0.668198294,0.03871209,2.203452208,0.474385689,4.096892653,3.615895826,chinese tulip tree
0.787093563,0.037066222,1.881321625,0.464339664,4.566849735,3.784067196,chinese tulip tree
0.770213145,0.048403127,1.96161713,0.465889365,3.868139989,3.301427718,chinese tulip tree
0.820045811,0.051009608,1.868795335,0.47120171,3.811446062,3.209277819,chinese tulip tree
0.747719933,0.032846807,2.092502147,0.500507478,4.310352094,3.858742322,chinese tulip tree
2.68482364,0.037874748,1.098682309,0.517628535,3.967217431,3.175829595,tangerine
2.714171658,0.03582765,1.006788917,0.559674275,4.257612057,3.132419021,tangerine
2.592820295,0.038698877,0.9960638,0.542419096,4.303382681,3.093385507,tangerine
3.138593417,0.033038447,0.975116226,0.509835168,4.460169691,3.298299299,tangerine
2.900604597,0.036730625,0.97915827,0.501177969,4.419698989,3.218119678,tangerine
2.504970564,0.039263622,0.97959035,0.522312547,4.503952286,3.153236398,tangerine
2.758017192,0.037659672,0.972928626,0.526782809,4.39406493,3.137513898,tangerine
2.001991278,0.045488291,0.911642262,0.525296727,5.015246699,3.049084818,tangerine
2.738774774,0.039921151,0.914224762,0.472988719,4.809965283,3.221231499,tangerine
2.524852937,0.039519534,1.018566172,0.525781643,4.28631507,3.127291934,tangerine
2.830971746,0.039687447,0.944795778,0.497140975,4.478452038,3.126744951,tangerine
2.719804096,0.038490449,1.033227144,0.513960412,4.172478027,3.152153953,tangerine
2.825236382,0.037453446,1.009823756,0.517744663,4.230807992,3.155479854,tangerine
2.877932975,0.032746328,0.939813126,0.503542249,4.884486288,3.406754025,tangerine
3.043289921,0.036475325,0.965365494,0.50866715,4.359333876,3.167527165,tangerine
2.756590174,0.037390028,0.975255203,0.521399348,4.423158336,3.165404006,tangerine
2.757268718,0.039785027,0.964790716,0.492247789,4.460418639,3.158025078,tangerine
2.829691762,0.039405978,0.997448385,0.505980785,4.220772422,3.110696765,tangerine
2.451938495,0.040830604,0.969860079,0.531231993,4.470963438,3.080042611,tangerine
2.914800584,0.037876269,0.964572219,0.504395422,4.3933081,3.155190706,tangerine
2.98762754,0.037862115,0.970818179,0.522366578,4.237490605,3.082183675,tangerine
2.795870774,0.040316631,0.945283848,0.490784038,4.497714473,3.131553203,tangerine
2.813191588,0.037892589,0.979976985,0.520573052,4.33178095,3.131792987,tangerine
2.622783425,0.039748981,1.006864317,0.521255933,4.260487849,3.105634477,tangerine
2.733368727,0.03906912,1.175665206,0.521471198,3.604418809,3.102531852,tangerine
2.939356486,0.038857297,1.174075173,0.495919177,3.578790054,3.135155623,tangerine
2.389939877,0.042641474,1.104796347,0.522942367,3.92085936,3.053925751,tangerine
2.912151505,0.036738689,1.17870787,0.518466737,3.602172944,3.160596416,tangerine
2.740997559,0.040347536,1.135217088,0.488887463,3.788382294,3.151040187,tangerine
2.884114742,0.037037109,1.224207987,0.515453457,3.481170205,3.164469759,tangerine
