MeanRed,MeanGreen,MeanBlue,StdDevRed,StdDevGreen,StdDevBlue,SkewRed,SkewGreen,SkewBlue,Class
230,240,233,70.44146506,42.35563717,64.06246951,-96.3001313,-58.28192114,-88.18624467,pubescent bamboo
232,240,234,67.07458535,43.68065934,61.53048025,-92.6818046,-60.8030015,-85.27335296,pubescent bamboo
225,237,229,77.07788269,45.97825573,68.8621812,-101.1046525,-60.59309938,-91.01642017,pubescent bamboo
224,236,227,76.09204952,45.48626166,68.11020482,-97.45490792,-58.31105181,-87.2907435,pubescent bamboo
225,236,228,75.33923281,48.48711169,68.6658576,-97.78228079,-63.4086976,-89.52531976,pubescent bamboo
228,239,231,72.07634841,43.02324953,64.45153218,-95.95064013,-57.55083092,-85.99725068,pubescent bamboo
220,233,223,81.0185164,49.87985565,73.79701891,-100.7371527,-62.08417287,-91.8146473,pubescent bamboo
215,232,220,85.30533395,49.1426495,76.51797175,-102.0856003,-59.30484752,-92.37707558,pubescent bamboo
215,233,219,86.64294547,48.50773134,78.08328887,-104.0275445,-59.0465973,-93.97962437,pubescent bamboo
220,233,223,79.2527602,50.15974482,72.89032858,-97.78834649,-62.26422098,-90.20541558,pubescent bamboo
222,235,225,77.85884664,46.24932432,70.65408693,-97.84516714,-58.15190068,-88.92030909,pubescent bamboo
230,241,232,71.1758386,40.76763422,64.36614017,-97.30442497,-56.44511338,-88.02517358,pubescent bamboo
230,241,233,72.24264668,39.14077158,64.73020933,-99.35981032,-54.128182,-89.50789024,pubescent bamboo
214,235,221,87.52142595,41.79712909,73.52550578,-104.5948103,-50.17631089,-88.46154713,pubescent bamboo
213,231,217,86.31338251,49.74937186,78.14729682,-100.7747488,-58.59941214,-91.41815369,pubescent bamboo
228,239,231,71.33722731,42.19004622,63.85922016,-94.94245823,-56.52618412,-85.32631202,pubescent bamboo
226,237,228,74.28997241,45.74931693,67.77905281,-96.78746821,-59.84543551,-88.217566,pubescent bamboo
220,234,223,79.51729372,47.65501023,71.88880302,-97.81416957,-59.02890473,-88.42327929,pubescent bamboo
223,236,227,77.20751259,46.67976007,69.57729515,-98.50001288,-60.13119441,-89.51920564,pubescent bamboo
216,235,222,84.10707461,42.91852747,72.47068373,-101.2474734,-52.01429587,-87.86519477,pubescent bamboo
216,233,220,82.3893197,47.38143096,74.09453421,-97.91395335,-57.01425723,-88.35975318,pubescent bamboo
218,233,222,82.24962006,48.11444689,72.2564876,-100.223666,-58.82221691,-87.93762798,pubescent bamboo
221,235,225,79.38513715,46.4542786,70.46275612,-99.0344063,-58.11915654,-88.17981483,pubescent bamboo
227,239,230,73.85797181,41.79712909,65.87108622,-97.63186191,-55.54931634,-87.29743619,pubescent bamboo
208,232,216,91.92388155,45.19955752,77.76888838,-104.8081152,-52.18903094,-89.47654994,pubescent bamboo
208,233,216,91.03845341,42.01190308,74.81978348,-103.1359,-47.94191469,-84.77972957,pubescent bamboo
211,227,214,86.37129153,56.05354583,80.84553173,-98.60026552,-65.0903674,-92.66608583,pubescent bamboo
213,228,215,84.78797084,54.65345369,79.906195,-98.16579598,-63.74754059,-92.3974222,pubescent bamboo
203,224,207,93.47192092,55.83905443,86.29020802,-101.0340701,-61.24838258,-93.5332986,pubescent bamboo
209,227,214,89.81091248,55.33534133,81.04936767,-102.1007911,-63.63554241,-92.77681867,pubescent bamboo
193,225,201,97.6012295,47.03190407,84.37416666,-96.09943401,-47.29809032,-83.14659341,chinese horse chestnut
185,222,194,105.6645636,50.20956084,91.85314366,-100.5635844,-49.10321157,-87.67289895,chinese horse chestnut
166,214,179,106.7005155,49.72926704,91.77145526,-77.09455972,-38.39409812,-67.98810346,chinese horse chestnut
165,212,177,103.8508546,50.29910536,90.74690077,-69.44140464,-36.78226146,-62.94157681,chinese horse chestnut
170,211,179,105,54.4334456,93.63759929,-79.91527489,-42.81459746,-71.73643347,chinese horse chestnut
160,215,176,107.3312629,45.96737974,89.39239341,-68.77600118,-32.8734054,-58.67774125,chinese horse chestnut
175,223,187,107.4662738,45.4202598,92.64448176,-91.54091554,-43.50424938,-81.40371532,chinese horse chestnut
162,216,176,107.0747403,47.04253395,91.82592227,-71.60567613,-37.15107454,-64.1210275,chinese horse chestnut
160,220,178,109.8407939,41.90465368,88.99438185,-74.29327251,-32.54313798,-61.17774904,chinese horse chestnut
164,224,181,109.6631205,39.12799509,89.61026727,-80.37908625,-33.5028586,-67.94451934,chinese horse chestnut
171,212,180,107.2567014,56.60388679,96.24448036,-85.59540437,-48.91070785,-78.00504022,chinese horse chestnut
179,217,189,104.3312034,53.07541804,91.01648202,-90.66458659,-48.34374198,-80.13622623,chinese horse chestnut
183,227,195,102.2741414,41.18252056,86.08135687,-92.30080339,-39.7023743,-79.03603547,chinese horse chestnut
162,213,176,106.8690788,48.31148932,90.58697478,-71.28891073,-33.54734525,-60.7412673,chinese horse chestnut
153,214,172,107.9305332,44.27188724,88.76373133,-54.45770082,-27.36584801,-49.33684335,chinese horse chestnut
163,228,183,112.1873433,35.83294573,88.57200461,-84.16586652,-32.38245506,-68.85378265,chinese horse chestnut
161,209,172,105.2045626,53.06599665,93,-65.47603187,-38.46384417,-59.14224035,chinese horse chestnut
162,217,178,106.3108649,45.23273151,88.76373133,-69.72902038,-34.75612783,-60.72246942,chinese horse chestnut
166,215,179,109.3343496,49.88987873,94.16474924,-82.39350814,-40.206639,-73.040323,chinese horse chestnut
170,226,188,108.7520115,38.05259518,86.72369918,-87.28330598,-33.31831546,-71.80321781,chinese horse chestnut
162,216,175,105.7497045,47,91.0659102,-68.67755454,-37.26807975,-60.51601243,chinese horse chestnut
168,219,182,106.8831137,45.37620522,90.81850032,-80.42611175,-37.43936869,-70.79096089,chinese horse chestnut
173,220,185,108.0971785,47.24404724,92.39588735,-89.62987916,-41.87091889,-77.43271302,chinese horse chestnut
162,215,176,108.5264945,47.86439178,93.06986623,-74.74526914,-36.9549,-66.80234314,chinese horse chestnut
170,218,183,109.6813567,48.78524367,93.81897463,-88.81804343,-42.26178143,-77.76330834,chinese horse chestnut
155,218,173,110.2678557,42.75511665,90.84051959,-65.72390016,-32.9109937,-56.99148329,chinese horse chestnut
163,218,180,102.2007828,42.83689998,84.29116205,-62.08356751,-31.39758457,-54.38341659,chinese horse chestnut
168,220,183,108.3789647,44.98888752,90.78546139,-83.56745717,-37.9225106,-72.47055483,chinese horse chestnut
175,217,185,102.6157883,49.75942122,89.84987479,-82.34201784,-42.93934119,-72.9668956,chinese horse chestnut
193,229,203,98.79777325,43.22036557,84.14273587,-98.34075465,-45.95285024,-85.22023625,chinese horse chestnut
166,201,171,90.57593499,55.30822724,85.88364221,-34.90586952,-24.8535437,-36.90920029,chinese redbud
165,201,173,94.17536833,56.9122131,85.74380444,-47.69658144,-30.89419357,-44.21059511,chinese redbud
167,205,176,93.97340049,53.91660227,84.71717653,-50.65900931,-31.14500228,-47.40349752,chinese redbud
162,208,173,99.09086739,50.71488933,87.71544904,-52.14444553,-29.6856056,-48.32248138,chinese redbud
176,207,181,94.19129471,57.68015257,87.94884877,-68.45243292,-43.13138112,-63.93368783,chinese redbud
167,201,172,91.4056891,56.83308895,86.93100713,-42.67960898,-30.26287501,-44.10203592,chinese redbud
171,209,178,96.70056877,53.45091206,89.06177631,-65.10429017,-37.55718682,-61.30759264,chinese redbud
167,208,174,97.05668447,51.74939613,88.97752525,-57.80553181,-31.49332184,-52.76351263,chinese redbud
158,208,170,92.95160031,45.7165178,81.53526844,35.5013555,-10.5702023,29.00911327,chinese redbud
168,216,180,101.2126474,46.08687449,87.77812939,-70.95977355,-34.70638733,-63.10547545,chinese redbud
170,213,181,98.29547294,49.689033,85.68547135,-67.19125571,-36.77930468,-59.37026555,chinese redbud
168,210,176,94.14881837,49.51767361,85.95347579,-53.52544863,-31.35322664,-51.45322047,chinese redbud
168,214,180,99.93998199,47.54997371,86.58521814,-67.05453346,-33.87497333,-59.46383415,chinese redbud
162,208,173,95.90099061,49.18333051,85.14105942,-42.94205283,-26.66105785,-42.52939143,chinese redbud
173,210,181,93.65361712,51.8748494,84.94704233,-62.29773546,-36.19950957,-57.92270719,chinese redbud
174,206,180,93.97340049,57.5934024,87.62419757,-66.09780418,-42.69040292,-63.59361644,chinese redbud
179,211,185,97.85192895,56.63038054,90.48204242,-79.07401065,-46.33824399,-73.88776509,chinese redbud
162,204,169,93.02687784,51.30302135,86.08135687,-29.67122487,-21.86278229,-31.28832631,chinese redbud
163,209,173,94.93155429,47.71792116,84.85870609,-43.58300968,-24.52600321,-41.55984013,chinese redbud
167,204,173,96.48834126,56.52433104,90.56489386,-56.83423678,-36.51097437,-55.9514886,chinese redbud
161,211,174,102.7131929,48.14561247,88.88756943,-59.18414172,-28.90296542,-53.0484901,chinese redbud
170,208,179,98.96464015,54.30469593,89.03370148,-68.1356146,-37.34854468,-62.77098339,chinese redbud
169,203,174,98.63062405,59.51470407,92.47702417,-65.74480579,-40.27128101,-61.27209809,chinese redbud
164,207,172,97.79570543,51.623638,88.80878335,-53.68541368,-29.27172273,-48.19610168,chinese redbud
166,204,173,99.51884244,57.57603668,91.50409827,-62.22714117,-38.60504288,-57.54328184,chinese redbud
166,200,170,98.47334665,60.54750201,93.31130692,-60.10998346,-37.15010847,-55.63624778,chinese redbud
170,202,176,95.06313691,59.73273809,89.05616206,-59.18261908,-38.74166314,-57.32988156,chinese redbud
172,206,178,98.64076237,59.23681288,92.493243,-70.23519527,-44.5973964,-67.87650596,chinese redbud
163,206,172,103.11159,55.47071299,93.3702308,-64.70246657,-36.8700089,-59.89435112,chinese redbud
167,207,174,94.41927769,51.59457336,86.75828491,-51.84197588,-29.87092695,-48.10149243,chinese redbud
215,231,216,87.7040478,51.86520992,84.1011296,-105.7937427,-62.54803774,-101.0272449,true indigo
219,230,219,82.56512581,55.76737397,80.99382693,-101.8668004,-68.61806764,-99.48306573,true indigo
215,227,216,86.37708029,61.73329734,85.0411665,-103.8120372,-74.91468818,-102.4869069,true indigo
221,230,221,82.03048214,59.52310476,80.59156283,-103.5755941,-75.15057158,-101.3686168,true indigo
221,231,222,81.5046011,57.56735186,79.59899497,-102.9482884,-72.99330645,-100.671185,true indigo
223,233,224,80.78366171,56.11595139,78.68290793,-104.598436,-73.03876093,-101.9654824,true indigo
228,237,229,74.00675645,49.2239779,71.02816343,-99.66058259,-66.39282111,-95.58756805,true indigo
219,233,221,81.13568882,50.74445783,77.97435476,-99.70529903,-63.25511736,-96.30131744,true indigo
226,235,227,76.3609848,51.26402247,73.09582751,-100.7650323,-67.4850081,-96.31655486,true indigo
217,228,218,84.59314393,58.65151319,82.12186067,-102.7271504,-71.113816,-99.68752461,true indigo
222,234,224,81.09253973,52.49761899,77.62731478,-103.8056343,-67.66698483,-99.75128191,true indigo
226,236,227,77.09734107,51.19570294,73.94592619,-102.2124561,-68.24994521,-97.95781191,true indigo
216,232,218,86.19164693,49.70915409,81.17265549,-104.5463726,-60.1574568,-98.28578249,true indigo
214,232,217,86.81013766,49.12229636,80.72174428,-103.2586268,-58.68713057,-96.10860106,true indigo
207,223,209,90.67524469,60.6465168,87.40137299,-100.892969,-67.74595229,-97.47676852,true indigo
207,228,210,89.70507232,50.43808085,83.71379815,-99.20723179,-56.14185972,-92.43711333,true indigo
201,224,205,94.27619,54.69917732,88.60586888,-99.99046576,-58.59290762,-94.66400233,true indigo
215,229,217,86.04649906,56.14267539,82.01219422,-103.1273443,-67.59906806,-98.41026123,true indigo
202,225,206,94.35570995,53.30103188,87.7097486,-101.2935615,-57.42182192,-94.39927493,true indigo
207,229,211,91.9782583,50.85272854,85.62709851,-103.4044799,-57.84082396,-96.8389292,true indigo
203,226,207,94.09038208,51.50728104,86.16263691,-101.8829877,-55.48637493,-92.98118863,true indigo
205,228,208,93.86160024,50.75431016,86.60254038,-103.9193161,-56.55579629,-95.1822908,true indigo
204,229,208,94.28149341,47.97916214,86.49277426,-103.406475,-53.00794944,-94.71333716,true indigo
209,227,211,91.47677301,55.43464621,86.61408661,-104.6470994,-63.56648749,-98.77994178,true indigo
209,228,212,90.50414355,53.26349594,85.97674104,-103.3251421,-61.21771171,-98.72662054,true indigo
212,230,215,89.54328562,52.16320542,83.38465087,-105.1039635,-61.46028237,-97.91690861,true indigo
206,226,209,92.00543462,54.28627819,86.83893136,-101.9579476,-60.49752967,-96.48266756,true indigo
216,229,217,87.75534172,58.12056435,85.97674104,-107.5156638,-71.62004058,-105.4658665,true indigo
220,232,221,81.42481194,53.79591063,79.68688725,-101.7654807,-67.77608006,-99.7515164,true indigo
220,229,220,79.98749902,59.58187644,79.88742079,-98.84084894,-73.93999275,-98.65444263,true indigo
197,239,205,98.54947996,30.13303835,84.71717653,-102.8087064,-35.02257048,-88.76527807,japanese maple
194,241,205,98.20896089,25.0998008,82.21313764,-98.83149924,-28.55606078,-84.42612265,japanese maple
184,240,197,104.5848937,25.51470164,86.94826048,-97.96642609,-28.24445815,-83.7638872,japanese maple
202,235,208,95.21029356,37.2424489,83.79140767,-103.0125978,-42.6160152,-90.88731372,japanese maple
201,230,207,88.34591105,43.16248371,80.04373804,-89.90508512,-46.52055206,-82.72137666,japanese maple
202,234,207,90.74139078,37.2961124,81.04936767,-95.12279596,-40.93624833,-84.59395732,japanese maple
199,236,207,93.43982021,33.09078422,79.74960815,-96.24186697,-36.76106073,-82.61001546,japanese maple
203,229,207,88.23831367,43.71498599,81.0802072,-91.84077689,-46.24397779,-84.43533444,japanese maple
203,230,208,88.50423719,43.70354677,80.98765338,-92.44335465,-47.18128268,-85.33121061,japanese maple
209,230,213,78.42193571,43.87482194,73.60706488,-82.34270611,-47.99913193,-78.72322093,japanese maple
205,229,212,86.80437777,47.47630988,76.8635154,-92.2240914,-53.33735213,-83.57246867,japanese maple
209,232,215,84.86459804,44.66542287,75.59100476,-93.68834465,-51.83031474,-85.04887616,japanese maple
209,235,214,80.72793816,36.18010503,71.82617907,-85.93789459,-40.10514006,-76.69231236,japanese maple
212,230,216,79.09487973,46.61544808,72.44308111,-86.74864695,-52.68100786,-80.33784211,japanese maple
216,234,221,75.66372975,41.91658383,65.61249881,-85.81594855,-49.50103729,-75.22003531,japanese maple
214,233,219,76.83749085,42.48529157,68.27151675,-85.53922485,-49.10431753,-77.00567789,japanese maple
216,234,221,75.40557009,41.46082488,66.88796603,-85.42093394,-48.8174521,-77.10796122,japanese maple
213,236,217,77.66595136,36.33180425,70.07852738,-85.82282797,-41.16805895,-77.47105405,japanese maple
208,233,213,83.55836284,40.28647416,75.2861209,-90.06908276,-44.7952841,-81.68264207,japanese maple
218,235,222,74.41773982,42.15447782,66.58077801,-86.3424242,-50.68691961,-77.99512352,japanese maple
219,235,223,72.14568594,41.34005322,64.42049363,-83.34117082,-49.37679799,-75.06151989,japanese maple
218,235,222,73.86474125,40.60788101,66.48308055,-85.22266878,-48.07770977,-77.41074706,japanese maple
209,230,213,84.01785525,46.20606021,76.55716818,-91.93264604,-51.59022109,-84.23897369,japanese maple
206,240,212,81.63945125,26.73948391,72.24264668,-84.13084295,-30.09046765,-75.41711296,japanese maple
204,237,211,85.26429499,32.17141588,75.30604225,-88.1135758,-35.64832473,-79.41389356,japanese maple
207,234,211,79.61155695,34.88552709,73.40299721,-81.73516582,-36.960025,-75.92652178,japanese maple
206,238,212,83.19855768,30.62678566,73.63423117,-86.82971934,-34.53842949,-77.77152074,japanese maple
207,240,213,79.73706792,26.34387974,70.78135348,-82.04295786,-29.00237793,-73.75203097,japanese maple
209,238,213,79.01898506,29.03446228,71.70774017,-83.16611624,-31.37389747,-75.41254145,japanese maple
206,233,211,81.84741902,38.22302971,73.97972695,-84.52281634,-41.28338283,-76.95133823,japanese maple
209,232,216,82.83115356,41.1703777,71.83313998,-89.7945106,-45.21053609,-78.96222089,nanmu
213,229,217,79.00632886,49.02040392,71.8748913,-87.86079057,-55,-80.29278135,nanmu
212,232,217,80.78985085,43.47413024,71.04224096,-89.6966329,-49.0689021,-79.04494585,nanmu
211,228,215,79.78721702,48.6929153,73.15736463,-86.90481509,-53.67939892,-80.34951246,nanmu
207,229,213,82.08532146,45.033321,72.58098925,-85.99179659,-48.53736448,-76.9289275,nanmu
204,232,212,82.35897037,38.45776905,70.50531895,-83.30838008,-40.85253389,-72.78412486,nanmu
220,235,224,71.3582511,42.19004622,64.45928948,-83.300983,-50.29650489,-75.99694124,nanmu
200,226,207,82.81304245,43.95452195,72.76675065,-78.69260452,-42.73188134,-69.84844763,nanmu
206,229,212,79.78095011,42.67317659,70.58328414,-80.60474002,-44.03784623,-71.9765227,nanmu
204,228,210,83.21057625,44.46346815,73.62064928,-84.05438655,-45.88898877,-74.83221753,nanmu
210,232,216,78.6066155,40.27406113,68.31544481,-83.31784068,-43.68525389,-72.87713115,nanmu
208,228,212,75.79577825,44.06812907,69.76388751,-76.75160299,-46.01700694,-71.2919933,nanmu
213,233,218,75.71657678,40.26164428,66.16645676,-82.05236592,-44.70256514,-71.81511205,nanmu
209,232,216,79.44809626,39.87480407,69,-83.86751603,-42.88576131,-74.06331324,nanmu
196,224,203,86.16263691,44.92215489,75.54468876,-79.68842349,-42.09314174,-69.95398336,nanmu
204,229,210,81.17881497,41.19465985,71.84010022,-80.68561773,-41.53415681,-71.93467583,nanmu
197,226,205,84.33267457,42.59107888,73.68853371,-77.76848952,-40.6263897,-69.41187526,nanmu
204,229,210,80.74651695,41.79712909,71.23903424,-79.91397002,-42.64921025,-70.98710339,nanmu
205,229,211,84.36231386,43.40506883,73.56629663,-87.44655239,-45.53919257,-76.42501945,nanmu
199,225,206,82.4560489,45.16635916,73.19152956,-76.96962877,-44.02305954,-69.75108874,nanmu
199,228,206,82.22530024,39.7617907,71.54019849,-76.51047175,-38.09418005,-66.91315696,nanmu
197,231,207,83.20456718,36.40054945,69.88562084,-76.18738387,-36.2109528,-65.94255792,nanmu
200,226,207,86.76404785,46.16275555,76.01973428,-85.52405192,-46.50005781,-75.52642965,nanmu
201,227,208,86.2032482,44.76605857,75.6439026,-85.77428643,-45.29290417,-75.98227888,nanmu
201,229,208,82.85529555,39.58535083,71.41428429,-80.02348269,-38.88107538,-68.94373345,nanmu
208,230,214,79.61155695,43.13930922,70.17121917,-82.89879764,-46.14165533,-73.82696361,nanmu
198,231,208,84.70537173,35.81898938,70.80254233,-79.71224747,-35.10417939,-67.98767078,nanmu
192,223,201,88.10788841,44.60941605,76.29547824,-78.15916436,-40.24042698,-68.89713722,nanmu
192,222,201,87.25250713,46.54030511,75.90125164,-77.06375784,-42.80677681,-68.66575024,nanmu
210,231,215,80.10617954,43.70354677,71.38627319,-86.28627334,-48.34459772,-77.32777573,nanmu
177,217,191,99.75971131,49.47726751,82.99397568,-79.83842388,-41.60649091,-68.37259427,castor aralia
175,224,191,97.42176348,38.54867053,78.73372848,-72.64865259,-31.24434031,-60.69796048,castor aralia
189,224,199,95.06839643,44.68780594,80.67217612,-86.81627676,-41.82733345,-74.20753769,castor aralia
180,232,197,93.3702308,30.70830507,74.13501197,-71.97304804,-28.08435446,-60.81643283,castor aralia
185,225,196,96.12491873,41.62931659,81.74961774,-83.5965155,-37.35475669,-72.26745945,castor aralia
184,226,198,94.08506789,39.91240409,76.83098333,-78.79157794,-36.06264812,-66.6078676,castor aralia
181,223,193,95.7810002,43.66921112,81.54140053,-77.71758487,-39.52244625,-68.52896284,castor aralia
186,224,197,97.2368243,43.64630569,82.39538822,-86.87978287,-39.88194358,-74.66660909,castor aralia
190,225,200,92.85472524,44.5421149,79.5424415,-84.16925435,-42.98503175,-73.59266083,castor aralia
189,225,200,94.08506789,43.9089968,79.4418026,-85.15087391,-41.71174499,-73.42363302,castor aralia
187,228,201,95.04209594,38.74274126,76.11832894,-84.37881629,-36.35174744,-68.87894478,castor aralia
198,226,206,88.9156904,45.02221674,76.88953115,-86.9529406,-44.39486184,-75.79904204,castor aralia
196,228,205,91.14274519,43.01162634,78.01281946,-88.56841933,-43.86511724,-76.95550361,castor aralia
193,228,204,93.8562731,42.03569911,78.54298186,-89.6176786,-41.92313985,-76.47321317,castor aralia
186,228,199,94.14350748,38.15756806,77.52418977,-81.45026888,-35.28876744,-68.73517476,castor aralia
186,232,200,86.45229899,30.03331484,70.07852738,-67.04378218,-25.83225339,-56.54297511,castor aralia
181,232,196,93.7016542,30.77336511,75.73638492,-74.03753878,-28.30075456,-62.25114915,castor aralia
179,224,193,94.63614531,39.11521443,77.56932383,-72.60903135,-32.24005663,-60.75490655,castor aralia
182,223,194,95.00526301,42.36744033,79.93747557,-77.72376537,-36.84989098,-66.79636695,castor aralia
185,229,199,96.39502062,36.81032464,78.99367063,-84.12509705,-34.29869466,-71.43422317,castor aralia
182,224,193,94.80506316,41.56921938,81.65169931,-77.42854322,-37.12110307,-68.8010794,castor aralia
168,230,187,103.5615759,32.17141588,82.56512581,-74.12081555,-27.95357955,-63.14228361,castor aralia
172,225,187,101.4445661,37.94733192,84.74668135,-75.80507528,-31.77082355,-66.52534508,castor aralia
178,222,190,95.43060306,42.41462012,81.03702857,-72.89388473,-36.14932829,-63.42096518,castor aralia
183,223,193,91.65696918,42.08325083,79.10752177,-73.06830412,-36.47242554,-63.93588958,castor aralia
193,231,204,88.98314447,35.4541958,74.3236167,-81.01843811,-34.39363728,-69.14797062,castor aralia
181,225,194,95.19453766,40.57092555,79.68688725,-76.64155657,-36.21273221,-66.36573812,castor aralia
181,225,194,96.81941954,40.23679908,81.03085832,-79.75414102,-35.53148037,-68.77163176,castor aralia
176,217,187,90.89004346,44.77722635,79.18333158,-60.48240729,-33.79460951,-55.15701688,castor aralia
166,225,181,91.82592227,32.72613634,76.92853827,-38.81923799,-22.29894959,-37.29326235,castor aralia
210,241,217,87.29833904,28.47806173,74.02026749,-98.954882,-33.7595492,-84.42962992,goldenrain tree
195,234,203,90.13323471,32.29551052,77.7431669,-85.64323994,-32.62445378,-74.15174608,goldenrain tree
185,241,201,95.50392662,20.68816087,73.93240156,-82.49428794,-20.69864399,-65.19672158,goldenrain tree
200,240,212,90.47098983,25.33771892,71.14070565,-92.11226057,-27.63994775,-73.61653348,goldenrain tree
192,243,207,88.53247992,18.1934054,68.28616258,-78.91675256,-18.48476954,-62.6309999,goldenrain tree
194,243,210,92.72540105,20.39607805,70.07139217,-88.81829696,-22.41498784,-69.61681784,goldenrain tree
198,242,210,87.42425293,21.14237451,69.23149572,-84.2817448,-22.19793829,-67.49452173,goldenrain tree
213,244,223,79.92496481,20.80865205,62.29767251,-89.58712114,-24.09166335,-70.90757,goldenrain tree
204,244,217,87.75534172,18.97366596,67.0298441,-92.29955133,-20.81623486,-71.92617175,goldenrain tree
211,245,222,81.28345465,19.36491673,62.61788882,-89.55375816,-22.73224473,-70.24992296,goldenrain tree
203,244,213,93.34880824,20.174241,75.87489703,-100.7888278,-23.43470633,-83.05024296,goldenrain tree
214,246,223,88.02840451,20.22374842,68.56383887,-104.975928,-25.56576642,-82.36526523,goldenrain tree
190,245,205,104.556205,17.54992877,82.12794896,-104.7266359,-20.04323978,-84.40161045,goldenrain tree
182,246,199,105.7544325,15.23154621,81.29575635,-97.01601039,-17.41537374,-75.93785317,goldenrain tree
204,247,215,82.70429251,14.07124728,64.85368147,-83.27364081,-16.23987535,-66.33280023,goldenrain tree
198,245,210,97.15451611,19.31320792,76.96752562,-101.3737419,-22.94568152,-81.56581934,goldenrain tree
214,248,223,84.32674546,14.52583905,65.84071689,-98.40496042,-18.56635533,-77.54884191,goldenrain tree
204,245,215,88.20997676,18.70828693,71.02816343,-93.06127692,-21.71322009,-76.60817425,goldenrain tree
210,245,218,86.88498144,20.95232684,72.16647421,-98.23755365,-25.63341584,-82.65278087,goldenrain tree
211,245,222,84.74078121,19.8242276,64.96922348,-95.65297158,-24.01792642,-74.52769866,goldenrain tree
213,245,221,82.18880702,20.66397832,67.60177512,-93.44489494,-25.28109426,-77.88807089,goldenrain tree
208,246,217,86.86195945,18.05547009,70.57619995,-95.43453752,-21.87672095,-78.45255223,goldenrain tree
197,242,208,89.93886813,22.56102835,74.73954776,-87.56982725,-25.12101329,-74.68549784,goldenrain tree
203,245,215,84.17244205,17.23368794,65.16901104,-84.60778934,-19.39965989,-66.70180092,goldenrain tree
195,245,208,89.54886934,16.30950643,70.64700984,-84.36612673,-17.8579352,-67.82857629,goldenrain tree
202,236,209,85.35221145,31.38470965,74.05403433,-85.43253573,-33.27441815,-74.58268974,goldenrain tree
207,237,214,82.23746105,32.77193922,70.37044834,-86.13517592,-37.10730961,-74.22908071,goldenrain tree
191,241,204,85.41662602,22.97825059,69.87846592,-71.90574085,-25.34767578,-61.89402639,goldenrain tree
195,244,207,88.94380248,19.62141687,71.11258679,-83.32485069,-23.45168889,-67.57433055,goldenrain tree
200,246,213,90.47098983,17.2626765,69.36137254,-91.98558375,-20.77770046,-71.74938589,goldenrain tree
218,237,224,81.35723692,38.83297568,67.59437846,-98.54180674,-47.44721745,-82.23504839,chinese cinnamon
215,237,223,81.44937078,36.83748091,66.36264009,-95.0714882,-44.05331004,-78.60660055,chinese cinnamon
208,233,217,85.29947245,39.9374511,70.06425622,-92.92663887,-44.31539906,-77.43899466,chinese cinnamon
220,238,226,76.37407937,37.38983819,63.19018911,-92.38625415,-45.87267879,-77.00938773,chinese cinnamon
214,236,222,84.00595217,38.23610859,68.20557162,-97.99500183,-44.98303888,-80.34109569,chinese cinnamon
206,233,215,87.12060606,38.98717738,70.31358332,-93.47420337,-42.447964,-75.6629814,chinese cinnamon
201,229,211,91.73330911,44.11349,76.46567858,-95.70962606,-47.11215107,-81.52280843,chinese cinnamon
210,239,221,84.65222974,29.96664813,64.69157596,-94.42081588,-34.18298117,-73.17391448,chinese cinnamon
224,238,228,72.65672715,39.69886648,62.88879073,-90.86491247,-50.14305697,-78.9748892,chinese cinnamon
209,231,215,83.12640976,44.56455991,72.18725649,-90.33790669,-49.57072501,-78.8398722,chinese cinnamon
215,228,218,77.31752712,53.02829433,72.4844811,-87.67641144,-61.08328675,-83.02350909,chinese cinnamon
210,230,215,82.11577193,44.95553359,73.70888685,-89.96092954,-49.75789627,-81.52030056,chinese cinnamon
221,235,225,74.65252842,43.19722213,66.80568838,-90.46056094,-52.64170335,-81.63340216,chinese cinnamon
208,225,213,81.44937078,52.71622141,73.17103252,-85.9710106,-56.5749651,-77.78551639,chinese cinnamon
208,231,215,85.22323627,43.76071297,73.53910524,-93.03205431,-48.83227396,-81.46493781,chinese cinnamon
206,227,212,83.61220007,47.54997371,73.70210309,-87.55669795,-50.28200646,-77.96831937,chinese cinnamon
203,228,210,83.79737466,44.48595284,73.31439149,-84.3333316,-45.9957463,-74.90506507,chinese cinnamon
192,220,200,85.85452813,47.51841748,75.01333215,-74.24492742,-41.64496648,-65.75136017,chinese cinnamon
201,227,208,86.79285685,45.72745346,75.93418203,-86.97757823,-46.89110143,-76.86218109,chinese cinnamon
213,231,217,80.8084154,45.89117562,72.86974681,-91.04646824,-51.96718837,-82.27667794,chinese cinnamon
197,226,205,86.06973917,44.03407771,75.60423269,-80.95079062,-42.76380321,-72.8055122,chinese cinnamon
199,224,206,87.27542609,48.13522619,77.70456872,-85.5556675,-47.67033948,-77.60727427,chinese cinnamon
199,219,205,86.65448632,56.23166368,78.74007874,-84.40633623,-55.75488103,-78.15643599,chinese cinnamon
194,221,201,88.71865644,50.59644256,78.61297603,-82.53727119,-49.01998352,-73.94956388,chinese cinnamon
192,223,201,93.50401061,48.46648326,81.18497398,-88.27868777,-47.25887033,-78.16216536,chinese cinnamon
197,223,205,88.50988645,48.76474136,76.29547824,-85.26413797,-47.43981297,-74.03103154,chinese cinnamon
203,224,208,86.31917516,51.23475383,78.66384176,-88.72667905,-52.97423692,-81.65825449,chinese cinnamon
205,222,209,82.85529555,54.69917732,76.64854858,-85.13004316,-56.71645375,-79.47172762,chinese cinnamon
188,223,199,89.06177631,43.19722213,75.75618787,-74.95659711,-37.6700426,-65.66033018,chinese cinnamon
191,227,204,89.37001734,39.81205847,72.79423054,-79.39776952,-36.79556106,-66.7629553,chinese cinnamon
230,242,234,64.79197481,33.30165161,53.35728629,-84.63613782,-43.88104924,-69.55734273,anhui barberry
214,221,218,76.17086057,63.52164985,69.07242576,-84.30477907,-71.84069718,-76.70353194,anhui barberry
212,223,217,74.40430095,57.40209055,67.03730305,-79.75036769,-63.46709188,-72.27499006,anhui barberry
211,232,218,87.12060606,46.64761516,74.59892761,-100.2948299,-54.46444388,-86.50558508,anhui barberry
214,232,219,79.36623967,44.19275959,69.92853495,-90.29724764,-50.40983158,-79.73280651,anhui barberry
215,230,219,73.68853371,45.14421336,66.84309987,-81.29738774,-49.5168123,-73.97881059,anhui barberry
213,227,214,92.9247007,63.5688603,90.49861877,-113.5012841,-79.04265175,-110.4976351,anhui barberry
220,236,226,72.87660804,39.7114593,61.0900974,-86.13009875,-47.67767254,-72.56101087,anhui barberry
220,235,224,74.81978348,42.21374184,66.3249576,-89.89856886,-50.68640063,-79.73028964,anhui barberry
225,237,228,64.27285586,37.20215048,57.43692192,-77.02214464,-44.26952334,-68.74039535,anhui barberry
213,229,217,88.32326987,54.03702434,79.87490219,-105.1104507,-64.18735788,-94.96922364,anhui barberry
214,233,219,80.56674252,43.78355856,70.9506871,-92.23608239,-50.57248683,-81.34794185,anhui barberry
212,230,217,80.66597796,46.10856753,71.63797875,-89.81600269,-51.19189528,-79.94756981,anhui barberry
204,224,208,100.5037313,59.66573556,91.36739024,-114.8286294,-67.93881463,-104.0309942,anhui barberry
204,225,209,97.04638066,57.16642371,87.49857142,-108.8299118,-64.313243,-98.1756879,anhui barberry
207,226,211,94.82088378,56.78027827,86.31917516,-108.693384,-65.0824201,-98.72911699,anhui barberry
211,232,217,84,44.53088816,73.14369419,-94.49695314,-50.53322651,-82.57507705,anhui barberry
215,231,219,87.98295289,52.91502622,79.92496481,-106.8033188,-64.38006276,-97.26670499,anhui barberry
223,237,228,68.85491994,38.13135193,57.68882041,-82.55664307,-46.16278182,-69.37705781,anhui barberry
222,237,228,70.59036761,38.83297568,59.07622195,-84.61267836,-47.32370476,-71.57458759,anhui barberry
227,237,227,67.29041537,42.66145802,66.7757441,-85.63714978,-54.28801303,-84.85048688,anhui barberry
233,242,235,55.3895297,33.33166662,50.70502934,-72.15437556,-43.77954467,-66.23097828,anhui barberry
239,245,240,49.1426495,31.36877428,45.607017,-69.71537487,-44.80707531,-64.74797875,anhui barberry
235,243,238,57.68882041,33.92639091,51.26402247,-80.14878561,-47.52556334,-71.85173967,anhui barberry
237,242,238,51.7880295,35.29872519,48.49742261,-71.08005254,-48.34716476,-66.5899061,anhui barberry
230,239,232,62.12084996,40.42276586,57.7321401,-80.57984953,-52.74219167,-75.09179871,anhui barberry
239,243,240,49,34.525353,46.61544808,-69.33811501,-48.60419728,-66.14575989,anhui barberry
237,243,239,49.87985565,32.95451411,46.79743583,-68.29771427,-45.19552779,-64.63894491,anhui barberry
235,241,236,54.24942396,37.17526059,51.39066063,-73.26574811,-50.27251205,-69.48030082,anhui barberry
243,247,244,40.8900966,27.49545417,38.65229618,-60.67044348,-40.98373338,-57.59276771,anhui barberry
185,224,196,85.02940668,39.25557285,72.6636085,-65.72937857,-33.85520896,-58.06394058,big fruited holly
184,221,192,97.45255256,47.9165942,86.4985549,-85.53940707,-45.01760628,-77.45511101,big fruited holly
184,226,195,91.28526716,40.48456496,79.18964579,-75.16166609,-38.9077372,-69.45647085,big fruited holly
179,220,189,91.47677301,44.06812907,80.05623024,-68.82606897,-38.02860266,-62.87233743,big fruited holly
173,217,183,93.56281313,45.53020975,83.32466622,-62.76438404,-36.6420312,-60.17034923,big fruited holly
174,211,181,88.02272434,50.24937811,81.76184929,-52.30540204,-37.09423265,-53.29149931,big fruited holly
180,224,191,95.65040512,41.23105626,82.71033793,-76.73835974,-36.50522225,-68.52782715,big fruited holly
160,209,171,96.10931276,48.22862221,85.70880935,-42.70539561,-30.97674288,-44.84456662,big fruited holly
162,211,174,93.1020945,46.09772229,81.73738435,-35.72893114,-30.04844026,-40.44829046,big fruited holly
167,222,182,90.64215355,36.70149861,76.28892449,-39.6985675,-26.31664095,-41.28944497,big fruited holly
166,215,178,93.23625904,44.74371464,81.95120499,-48.47772385,-33.79023095,-49.98946445,big fruited holly
163,225,180,91.55326319,33.06055051,76.1905506,-29.95214593,-25.37566024,-39.60230915,big fruited holly
156,216,171,90.05553842,38.48376281,77.20103626,46.40722242,-21.84882584,31.81501341,big fruited holly
152,216,169,93.20944158,38.249183,79.4418026,49.43388104,-21.22213187,28.70772615,big fruited holly
159,214,172,93.3702308,41.31585652,81.0246876,13.44790163,-22.64872667,-25.41132857,big fruited holly
140,199,155,112.0937108,55.93746508,97.59098319,-25.48749868,-27.19249721,-31.27708585,big fruited holly
150,202,163,114.1840619,59.69087032,101.7595204,-68.05344702,-43.20275617,-66.88567419,big fruited holly
159,210,174,102.3034701,49.08156477,87.36131867,-58.19986538,-32.35604974,-53.69096457,big fruited holly
149,208,168,107.8656572,49.10193479,89.45948804,-45.00970984,-28.54461055,-44.76037232,big fruited holly
137,199,155,111.5168149,54.72659317,94.83142939,48.12467588,-21.49540194,36.50972406,big fruited holly
128,198,148,103.7786105,48.92851929,88.04544281,74.1445919,26.03545459,60.29493672,big fruited holly
129,199,149,109.7178199,50.12983144,93.44517109,68.27476772,23.48195385,52.93346344,big fruited holly
154,202,167,112.8893263,60.78651166,99.27738917,-71.73656302,-44.64310284,-67.17641191,big fruited holly
145,198,160,107.7775487,57.16642371,93.8562731,-18.20546469,-26.92204308,-33.51681045,big fruited holly
141,195,156,116.7775663,63.07931515,102.381639,-50.03437636,-36.96685612,-51.82572327,big fruited holly
131,188,147,112.3877217,62.40993511,98.45303449,61.54056856,23.3181988,49.96597685,big fruited holly
143,199,159,106.4941313,54.72659317,92.23882046,40.79773472,-21.57446686,17.46141157,big fruited holly
187,223,196,91.19758769,43.33589736,79.13911801,-77.63410704,-38.95458224,-68.46701308,big fruited holly
184,221,192,93.20407716,45.90206967,82.69220036,-77.98476582,-41.51733925,-70.48560308,big fruited holly
150,208,166,112.529996,52.5642464,96.82458366,-64.57857539,-38.55510185,-62.1517269,big fruited holly
197,225,204,101.1681768,54.40588203,90.49309366,-108.2504476,-61.22740524,-99.76601963,japanese cheesewood
206,230,214,91.49316914,49.57822102,78.67655305,-102.6834154,-58.85110401,-91.48200548,japanese cheesewood
199,222,206,94.83670176,57.07013229,84.48668534,-100.6152074,-63.25470081,-92.99572185,japanese cheesewood
188,218,196,107.177423,62.31372241,97.75479528,-107.9119367,-67.44165054,-103.2901612,japanese cheesewood
192,219,201,101.5135459,61.02458521,90.95053601,-103.696291,-66.57185968,-98.11246287,japanese cheesewood
198,222,204,98.45811292,59.02541825,89.54886934,-104.9988813,-65.66543268,-97.940996,japanese cheesewood
188,216,195,102.0881972,60.72067193,92.39588735,-99.89933203,-61.47148743,-92.7858409,japanese cheesewood
180,213,190,101.631688,59.43063183,90.18869109,-90.54439587,-57.1662327,-84.81709227,japanese cheesewood
193,224,203,98.95958771,51.32250968,85.83705494,-100.2427436,-55.14923657,-90.74428067,japanese cheesewood
195,218,201,95.17877915,60.68772528,87.50999943,-95.89916351,-63.72448293,-90.79663155,japanese cheesewood
168,220,181,115.3169545,53.66563146,104.4126429,-98.04898287,-55.98298803,-98.45247521,japanese cheesewood
198,223,205,92.70922284,53.77731864,83.3066624,-95.23164155,-57.19651062,-88.09992094,japanese cheesewood
182,217,192,98.08669635,52.08646657,86.39444427,-85.71734314,-47.48243118,-78.6613717,japanese cheesewood
197,223,205,94.67312185,54.38749856,83.12039461,-97.348764,-58.77207862,-88.12332056,japanese cheesewood
187,226,196,106.8924693,48.2182538,94.93155429,-106.4694381,-51.70705594,-98.0820152,japanese cheesewood
180,213,190,103.5808863,59.65735495,92.49864864,-94.02504237,-57.1720461,-88.06787119,japanese cheesewood
185,214,192,104.9809507,64.08587988,97.77013859,-102.1910746,-66.48034922,-99.70197939,japanese cheesewood
182,215,191,106.1461257,60.32412453,94.71536306,-100.1183599,-60.54748907,-93.19690811,japanese cheesewood
198,224,206,97.42176348,54.5710546,85.66796367,-103.841289,-61.09722023,-94.71344863,japanese cheesewood
199,227,207,96.03124492,50.16971198,84,-102.0898542,-56.06836888,-91.78767197,japanese cheesewood
183,217,194,98.52918349,53.6563137,86.4985549,-87.38465345,-50.7364334,-81.30888512,japanese cheesewood
188,220,197,100.3892425,54.21254467,89.3028555,-97.0981753,-55.4117853,-89.62689157,japanese cheesewood
193,218,199,96.96391081,58.72818744,88.85381252,-97.51811191,-61.07649634,-91.49542613,japanese cheesewood
185,222,195,106.0424443,52.16320542,94.01595609,-102.9043005,-54.25190944,-95.22072407,japanese cheesewood
197,224,206,95.7340065,52.82991577,83.79737466,-99.33194699,-57.39117413,-90.30742605,japanese cheesewood
174,210,181,113.1282458,64.97691898,105.8820098,-102.8571873,-63.09475956,-100.1893745,japanese cheesewood
178,215,188,103.6677385,56.30275304,92.89241088,-90.59307905,-52.75740558,-84.99183313,japanese cheesewood
185,218,193,105.1380045,56.81549085,94.70480452,-101.3146739,-57.36981258,-93.93242465,japanese cheesewood
186,226,199,107.7125805,48.41487375,91.38927727,-106.6178466,-52.92644359,-96.18025306,japanese cheesewood
194,224,204,102.2936948,55.28109984,89.47625383,-106.7181858,-62.94729782,-98.78277713,japanese cheesewood
185,227,197,88.47598544,36.52396474,74.17546764,-69.77841496,-31.19886036,-60.65839695,wintersweet
170,216,182,99.22197337,46.01086828,84.86459804,-68.46615978,-33.7132751,-59.15615057,wintersweet
167,211,180,93.93614853,47.33920151,80.77128203,-49.46332692,-28.31572916,-46.76996393,wintersweet
176,214,187,85.63877626,44.84417465,74.55199528,-48.79898211,-27.98128,-46.85772578,wintersweet
154,211,170,90.74139078,40.27406113,76.072334,52.07766993,17.16223008,42.94621001,wintersweet
178,218,189,98.30055951,47.644517,85.0411665,-78.64396748,-39.47565663,-69.87774579,wintersweet
175,217,187,98.78765105,47.44470466,84.82924024,-75.03459145,-37.65476778,-66.67946699,wintersweet
177,211,186,94.40338977,53.71219601,84.59314393,-69.1478312,-40.94857721,-64.38520937,wintersweet
172,223,188,98.24968193,38.80721582,79.84985911,-69.8756295,-30.32389783,-59.05940584,wintersweet
165,225,185,101.0395962,34.24908758,78.80989786,-63.73228009,-24.56749403,-51.75015753,wintersweet
176,223,190,99.03534723,39.9374511,81.5291359,-77.30234754,-32.18609021,-64.80977917,wintersweet
176,222,189,95.25229656,39.83716857,79.04429138,-69.91547621,-30.32933436,-58.35307812,wintersweet
168,223,185,99.11609355,36.89173349,80.1623353,-64.6667759,-26.22341981,-54.39705055,wintersweet
163,204,172,96.08850087,53.6563137,86.72369918,-44.77234821,-28.57485197,-42.65837105,wintersweet
173,213,184,99.3680029,50.7937004,86.16263691,-73.06305929,-37.96164181,-64.32041466,wintersweet
178,213,187,95.90620418,51.59457336,84.37416666,-73.82121437,-39.17475815,-65.04092098,wintersweet
170,228,188,103.9182371,34.278273,82.84926071,-77.46961001,-28.60054769,-64.15117259,wintersweet
162,208,176,95.39916142,48.41487375,81.96950653,-39.26966302,-24.03005494,-41.08351014,wintersweet
175,211,185,96.41058033,52.81098371,84.73488066,-70.54814544,-38.98750421,-63.64484265,wintersweet
169,204,177,103.8267788,61.9596643,94.64671151,-76.40972163,-46.86015471,-71.06507292,wintersweet
164,201,174,100.0299955,59.59026766,89.81647956,-58.90523906,-36.43153488,-55.95638611,wintersweet
159,200,170,96.80392554,56.10704056,85.91274643,-30.18771191,-23.93908161,-32.32832553,wintersweet
172,203,179,97.45255256,61.45730225,89.11228871,-67.76824216,-43.88779953,-62.49252177,wintersweet
169,208,181,95.13148795,52.32590181,81.96340647,-57.64608099,-33.2897653,-51.38362512,wintersweet
168,202,176,96.7729301,59.91660872,87.75534172,-59.3057005,-39.83830559,-54.82101597,wintersweet
155,193,163,98.10708435,60.67948583,89.82761268,23.44623289,14.60603991,22.38642353,wintersweet
154,207,171,104.1921302,49.86983056,86.54478609,-43.32261405,-24.63633558,-37.25271364,wintersweet
168,201,176,97.33447488,60.78651166,88.51553536,-60.84309762,-39.67465257,-56.89608645,wintersweet
158,200,168,104.7902667,60.14981297,94.02659198,-57.98959385,-36.09389072,-53.20932996,wintersweet
154,195,166,99.01010049,58.83026432,87.52713865,27.69698777,13.44790163,-12.29588511,wintersweet
169,213,176,116.5761554,58.77074102,107.9166345,-101.8531785,-56.84424493,-97.3286053,camphortree
185,224,194,107.1867529,45.48626166,94.3716059,-109.4453902,-50.7720184,-99.69939729,camphortree
176,219,189,107.0093454,45.2437841,90.08329479,-101.1478735,-46.34119334,-88.94277346,camphortree
175,205,181,114.280357,74.02026749,107.54069,-104.0713884,-72.22626863,-101.4379894,camphortree
177,220,187,111.2609545,47.48684028,97.8417089,-105.8238144,-48.03455267,-96.34346013,camphortree
165,216,180,115.5854662,51.2249939,99.39315872,-95.25126467,-47.14126804,-88.84448708,camphortree
169,214,184,107.7589903,49.2341345,89.89438247,-91.96816794,-45.49816842,-81.04585119,camphortree
157,213,174,113.0973032,48.39421453,95.21554495,-83.3311395,-40.81775147,-76.97834889,camphortree
136,208,157,117.3413823,48.34252786,99.84487969,-40.42505063,-33.96160603,-59.65646272,camphortree
164,212,175,113.8595626,53.82378656,101.5480182,-93.7480047,-49.76166574,-89.31416973,camphortree
154,216,172,116.4216475,46.64761516,98.18350167,-84.15880766,-42.34652836,-80.36541172,camphortree
178,220,191,104.9333122,42.91852747,86.92525525,-100.194953,-43.77502242,-86.20072099,camphortree
179,221,192,103.4842983,42.3792402,85.6095789,-98.99006804,-43.79188913,-85.07647097,camphortree
177,214,187,106.2732328,53.24471805,92.9946235,-100.1401701,-53.07761265,-90.75023083,camphortree
169,212,180,112.0089282,55.33534133,98.72689603,-97.83092463,-52.5507295,-90.57943028,camphortree
175,214,185,108.9495296,53.03772242,96.4935231,-102.0938838,-52.69697734,-93.89194616,camphortree
165,209,175,111.7944542,54.94542747,100,-95.02950146,-50.37347012,-88.8939949,camphortree
176,210,183,106.1414151,57.61944116,96.7367562,-99.10277393,-56.28931901,-92.79323549,camphortree
163,210,174,113.1724348,56.5154846,101.5627885,-91.53295915,-52.3062549,-88.20698522,camphortree
160,221,179,102.5816748,38.45776905,83.3366666,-60.50736427,-28.33276431,-54.58139508,camphortree
162,215,178,106.6161339,43.8178046,89.92774878,-83.10824412,-39.47052226,-76.93168732,camphortree
168,216,181,110.1044958,46.33573135,94.18067742,-95.63675664,-43.64941792,-85.58930741,camphortree
172,214,184,102.9320164,51.28352562,88.71302046,-79.74538844,-41.49353942,-70.97731207,camphortree
170,216,182,108.1711607,48.51803788,94.3610089,-95.47426735,-48.90109161,-89.300378,camphortree
155,209,166,113.5209232,51.04899607,102.0441081,-83.79879091,-42.89083541,-80.17295913,camphortree
138,209,160,112.3209687,44.24929378,93.90420651,-44.77534118,-32.0938003,-58.30614969,camphortree
160,198,171,106.5598423,64.51356447,95.74445154,-73.58970644,-49.24602079,-72.20766948,camphortree
164,200,174,105.6787585,64.27285586,96.42095208,-80.02317037,-53.48015102,-79.5391735,camphortree
150,222,171,120.0833044,37.78888726,97.46794345,-87.88846061,-35.86912355,-77.76727696,camphortree
142,224,173,115.0869237,34.58323293,85.66212699,-49.30066419,-26.01182894,-47.11950875,camphortree
172,194,175,115.0608535,89.82204629,112.9690223,-102.4145947,-88.62320185,-103.4622452,japan arrowwood
175,192,178,114.8259553,93.80298503,112.4588814,-105.2075712,-91.86783954,-105.7612104,japan arrowwood
171,201,175,109.5718942,71.58910532,104.7138959,-91.71077253,-62.55136045,-88.85348109,japan arrowwood
164,187,166,116.327125,89.67719889,114.9347641,-94.63717562,-78.76160575,-95.50314765,japan arrowwood
152,197,162,116.5332571,68.53466276,108.6416127,-78.29898398,-54.28891783,-82.16395908,japan arrowwood
152,187,158,114.8912529,78.93668349,110.3630373,-75.93594557,-60.35575682,-79.42430462,japan arrowwood
157,194,163,114.7562634,73.85797181,110.2361102,-83.73375641,-60.18314411,-85.6805346,japan arrowwood
159,200,166,110.1680534,63.14269554,102.9902908,-81.08632771,-50.6373089,-78.48525018,japan arrowwood
163,193,165,114.2190877,80.56674252,112.529996,-90.93635609,-71.57868658,-90.99339806,japan arrowwood
158,196,163,112.5255527,71.02816343,108.7704004,-82.4545449,-58.1843126,-83.75946874,japan arrowwood
161,193,164,113.5825691,76.70723564,110.4128616,-87.18426616,-64.0962906,-86.25093467,japan arrowwood
155,191,159,102.2545842,67.86015031,98.45303449,-58.13089739,-46.4199107,-56.86260125,japan arrowwood
159,190,163,99.69954864,69.28924881,96.61780374,-54.41101547,-44.41835807,-56.74669584,japan arrowwood
143,177,146,113.9605195,79.52358141,111.6109314,-68.34791413,-54.86822447,-70.13579083,japan arrowwood
143,180,149,113.4944933,75.57115852,108.1434233,-63.44863269,-49.4615557,-66.8949866,japan arrowwood
144,177,149,111.7541946,79.46697427,108.5725564,-66.43144045,-57.20435522,-71.68574458,japan arrowwood
149,186,153,109.931797,70.59036761,106.2544117,-72.19558448,-50.11918235,-72.0447253,japan arrowwood
171,192,173,108.1850267,82.41359111,106.3343783,-92.72714568,-74.01752689,-92.27763485,japan arrowwood
157,182,161,111.0720487,82.44998484,107.6057619,-87.62039481,-70.35951098,-88.25579842,japan arrowwood
147,178,152,110.7971119,80.99382693,108.3789647,-71.96957305,-62.52493938,-77.39194097,japan arrowwood
161,186,164,106.1131472,78.3070878,102.6157883,-78.00843652,-61.00152285,-75.99047665,japan arrowwood
154,184,157,114.0876856,81.39410298,111.1260546,-77.31238698,-59.39805531,-77.11121277,japan arrowwood
165,190,170,107.6986537,77.5370879,103.6870291,-91.46276367,-71.20597465,-92.3832469,japan arrowwood
170,189,171,108.6232019,85.52192701,107.5127899,-93.64807293,-77.11513669,-92.98593073,japan arrowwood
168,188,169,100.5733563,79.01265721,99.10600385,-70.59854101,-59.68417381,-69.51756711,japan arrowwood
152,175,157,118.2624201,94.94208761,115.1216748,-82.30896724,-74.90851066,-86.5377785,japan arrowwood
145,170,152,111.4315934,87.3326972,107.0560601,-67.37349878,-63.07826001,-74.98423372,japan arrowwood
148,174,154,115.4382952,88.54377448,111.350797,-79.01724774,-68.68857765,-83.51233876,japan arrowwood
156,176,160,110.8692924,89.94442729,108.1665383,-85.51179118,-76.61550041,-87.93814524,japan arrowwood
144,176,150,113.3313725,81.69455306,109.3709285,-69.8787015,-60.65386693,-76.06561738,japan arrowwood
187,226,198,101.6759559,44.51965858,86.13361713,-96.93118725,-45.08346649,-83.9982048,sweet osmanthus
180,212,188,102.2741414,58.91519329,91.44943958,-89.33205086,-52.6461536,-80.72256862,sweet osmanthus
181,216,189,99.19677414,51.97114584,87.81229982,-85.47790772,-45.54995921,-75.85226379,sweet osmanthus
179,217,188,94.06380813,47.85394446,82.92164977,-73.18001485,-39.88466778,-66.29247306,sweet osmanthus
182,217,192,97.5602378,51.79768335,85.52777327,-83.15960965,-46.31525728,-75.26837188,sweet osmanthus
175,216,185,91.74420963,45.08880127,80.93207028,-63.85931009,-33.67216632,-58.90677608,sweet osmanthus
173,222,187,97.94386147,42.94182111,82.65591328,-73.10824,-39.66151884,-66.50017902,sweet osmanthus
173,228,189,101.0148504,35.4541958,82.60145277,-78.09401331,-33.26116609,-68.4374907,sweet osmanthus
158,207,170,101.6661202,51.34199061,89.97221793,-52.74530704,-32.1719262,-51.37478614,sweet osmanthus
171,223,187,103.5712315,40.68169121,85.38735269,-80.61982079,-35.06979271,-70.24519456,sweet osmanthus
163,225,180,105.6740271,35.83294573,87.73254812,-76.67094074,-33.18869553,-69.649266,sweet osmanthus
164,220,180,94.5409964,38.22302971,79.20227269,-47.16270754,-27.66740857,-47.34438456,sweet osmanthus
175,221,189,95.8853482,41.52107898,79.83107165,-71.28149833,-34.71109114,-63.64081014,sweet osmanthus
176,217,187,97.4730732,47.5604878,84.82334584,-74.85155825,-39.07589866,-67.76091063,sweet osmanthus
159,213,176,100.9950494,45.82575695,84.66404195,-53.22663129,-32.28425141,-52.20359042,sweet osmanthus
165,214,176,99.24716621,46.54030511,87.45856162,-63.25228475,-34.43557254,-58.14085859,sweet osmanthus
165,218,181,100.5733563,43.68065934,84.25556361,-64.13132215,-35.04456907,-59.72672015,sweet osmanthus
158,205,171,103.4311365,52.46903849,90.71934744,-66.46073398,-39.57955446,-64.86496622,sweet osmanthus
146,204,163,111.202518,51.93264869,95.35722311,-59.01933676,-35.95493332,-60.68465768,sweet osmanthus
160,214,175,101.882285,45.16635916,86.61985915,-61.10114903,-31.87221173,-55.77717578,sweet osmanthus
170,211,181,94.06380813,49.78955714,83.27664739,-58.71818105,-35.57920555,-57.68186902,sweet osmanthus
147,204,163,104.1729331,50.009999,91.14274519,-46.57501285,-35.70227711,-56.43192783,sweet osmanthus
147,205,164,107.9490621,49.09175083,91.84225607,-54.00514354,-32.04778018,-55.05251183,sweet osmanthus
150,218,172,107.4848827,39.37003937,86.26123115,-53.91699639,-29.57283544,-53.20038065,sweet osmanthus
151,203,165,107.452315,54.13871073,95.06839643,-62.05198554,-39.39978871,-65.52637673,sweet osmanthus
157,216,175,105.3043209,40.26164428,86.83317338,-71.23219623,-33.24941111,-65.52862801,sweet osmanthus
162,219,177,100.9504829,37.93415348,84.72897969,-69.8698261,-32.0938003,-63.01402224,sweet osmanthus
166,207,178,97.05668447,53.47896783,85.87199776,-58.56833274,-38.10933424,-59.64184785,sweet osmanthus
157,214,173,105.0904372,44.29446918,89.11228871,-69.32812975,-37.49493265,-65.33077932,sweet osmanthus
158,212,173,107.6289924,47.92702787,92.76852915,-75.65360596,-41.39223018,-72.39895555,sweet osmanthus
250,252,251,29.66479395,17.34935157,26.11512971,-56.99466453,-33.27381602,-50.10922788,deodar
250,251,250,29.12043956,18.13835715,26.0959767,-53.94530356,-33.16689253,-47.92290866,deodar
249,251,250,30.4466747,20.59126028,28.53068524,-55.5197019,-37.77381799,-52.15302557,deodar
250,251,250,28.96549672,18.92088793,26.64582519,-53.31003757,-34.76109405,-48.85281391,deodar
248,250,248,35.52463934,22.82542442,32.95451411,-61.97275945,-40.07029307,-57.30502328,deodar
248,251,248,37.40320842,21.09502311,33.76388603,-65.98415598,-37.62488733,-59.40523483,deodar
249,252,250,30.5777697,15.19868415,26.88865932,-56.0311264,-28.34231165,-49.36845665,deodar
247,250,248,36.51027253,21.1896201,33.22649545,-62.20569903,-36.15442919,-56.67435113,deodar
247,250,248,37.12142239,21.11871208,33.03028913,-63.68645469,-36.10514528,-56.4528544,deodar
247,251,248,39.35733731,20.29778313,34.05877273,-67.45198231,-35.31016835,-58.51970505,deodar
249,252,250,31,16.09347694,27.29468813,-56.07844025,-29.48874415,-49.42596831,deodar
249,252,250,31.78049716,17.43559577,28.47806173,-58.86784555,-32.71377811,-52.86091455,deodar
248,251,249,33.21144381,17.77638883,29.58039892,-58.8052566,-31.68340143,-52.41482788,deodar
249,251,250,30.49590136,18.49324201,27.01851217,-54.98578145,-33.28856212,-48.68083552,deodar
248,251,249,33.49626845,17.29161647,29.68164416,-58.51483784,-30.30793941,-51.79119919,deodar
249,252,250,31.57530681,16.673332,27.67670501,-56.56631991,-30.18112646,-49.60055064,deodar
250,252,251,26.57066051,17.1464282,24.31049156,-49.78346359,-32.29608019,-45.5815869,deodar
249,252,250,31.98437118,16.03121954,27.89265136,-57.82966274,-29.39838639,-50.4180942,deodar
250,252,250,28.60069929,16.70329309,26.07680962,-53.54510419,-31.53929756,-48.49771485,deodar
249,252,250,30.41381265,15.39480432,27.45906044,-54.83498751,-28.04287649,-49.52224963,deodar
250,252,251,27.89265136,13.6381817,23.74868417,-51.92593005,-25.42989845,-44.15646772,deodar
249,252,250,30.78960864,15.90597372,26.88865932,-55.23677536,-28.71904671,-48.18820783,deodar
250,252,250,29.44486373,15.49193338,26.03843313,-54.60007424,-28.73116599,-47.91957017,deodar
248,251,249,33.58571125,18.92088793,30.14962686,-58.6983551,-33.33182215,-52.84098536,deodar
250,252,250,29.61418579,18.1934054,27.23967694,-54.37913343,-33.90370678,-49.81800503,deodar
249,251,249,32.46536616,18.94729532,29.20616373,-58.02862242,-33.94772821,-51.97656735,deodar
249,251,249,32.69556545,18.70828693,29.64793416,-58.15130924,-33.24488775,-52.3939507,deodar
250,252,250,29.93325909,17.8605711,26.13426869,-55.17180437,-33.09187742,-47.89502522,deodar
248,251,249,35.6931366,19.59591794,31.11269837,-63.10547545,-34.91434839,-54.94705649,deodar
248,251,249,33.82306905,20.0748599,31.06444913,-59.33213046,-35.66746245,-54.598397,deodar
191,219,198,98.98989847,55.83009941,88.45903006,-96.23510086,-54.88150799,-86.40100272,gingko
162,217,180,106.7567328,44.02272141,86.22644606,-70.77399537,-30.79820364,-58.34563731,gingko
145,235,177,121.4907404,25.72936066,90.55385138,-73.98203849,-24.2768859,-68.55478949,gingko
158,218,177,105.2805775,41.60528813,85.12343978,-59.31877632,-29.52817379,-50.9905147,gingko
150,227,178,102.5670512,28.91366459,75.46522378,32.84531215,-17.4908796,14.28660947,gingko
159,224,181,104.4365836,34.39476704,80.31189202,-59.56641126,-22.84712731,-45.96547504,gingko
161,222,181,101.4741346,36.53765181,80.0312439,-55.68788957,-24.38331297,-45.60371623,gingko
154,219,177,104.0576763,37.76241518,80.2371485,-43.63786795,-21.18580395,-34.29727785,gingko
165,218,181,99.45350673,41.74925149,81.79853299,-58.96828708,-27.80433312,-49.38636655,gingko
168,216,183,99.44345127,44.91102315,81.81075724,-64.99794865,-30.95275495,-53.12100039,gingko
164,221,183,99.7997996,38.39270764,79.101201,-58.24893009,-26.80332624,-47.43359141,gingko
159,209,176,108.4020295,51.97114584,88.91006692,-68.69542997,-34.22144956,-56.5580889,gingko
164,218,183,108.7152243,45.02221674,86.68333173,-78.19897697,-34.7141341,-64.3483608,gingko
161,216,178,103.841225,43.0464865,84.97646733,-61.11694845,-26.37475012,-50.57652679,gingko
162,213,177,99.48869282,45.59605246,82.84322543,-52.6250985,-28.04965678,-43.61492489,gingko
151,219,176,103.8026975,37.01351105,78.60025445,-21.40411602,-20.8959326,-20.74134734,gingko
160,218,179,101.1830025,39.94996871,80.85171612,-52.26870281,-24.2400675,-42.54247196,gingko
158,223,182,103.8026975,34.98571137,78.38367177,-54.83354633,-22.96276268,-43.53909376,gingko
160,216,180,108.0092589,44.88875137,85.26429499,-69.54590415,-30.93047199,-55.38137149,gingko
163,218,183,102.9125843,41.24318125,80.58535847,-64.00065104,-26.26504051,-50.85541517,gingko
162,222,182,97.95407087,35.39774004,76.28892449,-47.65801485,-21.23618479,-35.6304793,gingko
166,217,190,105.5746182,45.2437841,77.34339015,-75.0502774,-33.97345102,-56.44720575,gingko
163,210,181,102.859127,49.82971001,82.51666498,-64.09539809,-31.29070961,-51.8733357,gingko
163,212,184,108.0833012,50.70502934,82.8975271,-75.43439764,-37.27071952,-58.19976697,gingko
161,203,177,106.0754448,58.6600375,88.15894736,-67.09928104,-37.93965491,-56.78424644,gingko
171,221,192,104.2209192,42.47352116,79.39143531,-80.3529716,-34.82112823,-64.06422589,gingko
155,213,178,107.6475731,45.79301257,83.16249155,-59.21609923,-29.20504698,-48.13906431,gingko
170,212,186,102.873709,52.40229003,83.86894539,-75.39677134,-39.75031974,-62.56805387,gingko
157,214,179,108.7382178,46.15192304,84.66404195,-66.31726644,-31.10440001,-53.21780549,gingko
158,214,182,109.3572128,47.02127178,81.90848552,-69.6206692,-33.35131252,-52.33170599,gingko
155,217,172,92.14662229,35.63705936,76.67463727,47.76227949,14.89106261,37.5881187,crepe myrtle
144,224,168,84.59905437,25.61249695,67.63135368,67.54153822,13.9505055,50.84948574,crepe myrtle
164,231,167,81.90848552,25.0998008,79.84985911,44.02202754,-18.18129544,39.61229595,crepe myrtle
150,241,168,93.26842981,15.16575089,78.12809994,55.97522288,-12.12598745,42.87252675,crepe myrtle
164,227,166,80.56674252,25.67099531,78.21764507,46.10671506,7.185516151,46.84117204,crepe myrtle
153,233,173,94.37690395,21.65640783,76.28892449,45.36299001,-10.46168957,35.11661781,crepe myrtle
148,234,167,98.85342685,20.92844954,81.3019065,50.54588517,-12.2671563,41.0330885,crepe myrtle
156,234,173,97.21111048,22.60530911,80.54812226,23.91928906,-15.34886056,11.4775871,crepe myrtle
153,234,177,98.16312953,21.86321111,74.71947537,37.06732325,-14.00849824,29.11920808,crepe myrtle
151,235,171,93.37558567,20.85665361,76.22991539,53.21262632,-15.08397346,39.49575343,crepe myrtle
155,233,175,97.57561171,22.8035085,78.24960064,25.09192822,-13.86606979,14.88504723,crepe myrtle
130,238,160,97.84681906,15,74.43789358,75.31488354,-5.572054656,56.99856362,crepe myrtle
154,237,177,94.39279634,18.94729532,73.87151007,45.6547882,-13.87992548,27.7230347,crepe myrtle
157,230,173,93.40770846,24.65765601,78.79720807,38.58781328,-10.80367959,25.37928333,crepe myrtle
157,234,178,93.56281313,21.26029163,74.83982897,37.10585707,-12.33106037,-11.27672658,crepe myrtle
146,239,172,91.76600678,16.43167673,70.72481884,62.80294521,-11.73734869,45.17822325,crepe myrtle
149,225,179,91,26.77685568,66.09841148,58.20153828,12.80579165,39.9407456,crepe myrtle
143,237,164,91.62968951,21.97726098,75.82216035,66.07666329,-21.27675983,49.27980966,crepe myrtle
143,235,163,91.80413934,19.05255888,76.21023553,65.91387603,-10.56721805,51.80797023,crepe myrtle
153,225,168,91.99456506,27.62245463,79,50.95805856,12.8523733,41.31855756,crepe myrtle
154,233,181,90.70281142,21.9089023,67.10439628,51.99198594,-13.53943658,35.250985,crepe myrtle
167,219,166,83.65404951,35,84.9411561,34.44653204,-12.63063011,31.12161729,crepe myrtle
158,236,179,94.20191081,20.29778313,74.6793144,29.4753217,-14.85942748,-17.59270531,crepe myrtle
162,214,176,94.41927769,43.56604182,82.04267182,-34.40011718,-27.24199467,-41.66859369,crepe myrtle
174,228,178,77.19455939,26.55183609,73.30075034,31.0992311,-10.99724449,29.05143468,crepe myrtle
159,224,178,86.14522622,29.10326442,69.97142274,49.4796706,6.223084253,36.7297079,crepe myrtle
170,227,192,86.74675786,30.03331484,65.42935121,-34.12812098,-19.05982987,-32.28361177,crepe myrtle
131,228,151,94.75230868,14.45683229,78.87331615,60.1874692,-13.60098032,44.64611316,crepe myrtle
157,225,173,96.11451503,30.09983389,80.77747211,19.63418303,-13.89720628,-17.17918882,crepe myrtle
153,227,171,102.7569949,30.08321791,84.74078121,-35.16736171,-20.25019052,-32.89837115,crepe myrtle
216,231,218,74.73285757,46.06517123,71.29516113,-84.09527172,-52.99418472,-81.12995448,oleander
217,233,221,73.18469785,42.94182111,65.81033354,-82.42600037,-49.29037633,-74.75457554,oleander
213,230,216,77.02596965,47.26520919,72.56721023,-84.66614138,-53.61152385,-80.94611058,oleander
219,232,222,71.99305522,47.38143096,66.3249576,-83.33473953,-55.98500874,-77.32431937,oleander
208,231,214,84.32081594,44.754888,74.43117626,-91.32872296,-50.43697002,-81.62574839,oleander
212,224,214,81.44323176,59.43904441,78.07048098,-91.0490015,-67.25233428,-87.71957912,oleander
214,227,215,76.09204952,52.71622141,73.35529974,-83.96706002,-59.34879102,-81.00436902,oleander
211,227,213,78.42193571,50.81338406,75.34586916,-84.63972076,-56.38363289,-82.1308144,oleander
216,231,219,75.78258375,47.644517,70.73895674,-85.99107533,-55.32403757,-81.01523871,oleander
216,231,219,78.00640999,48.98979486,72.19418259,-89.87988091,-57.77509014,-83.71915847,oleander
226,237,228,64,39.49683532,59.18614703,-77.78226588,-48.63888346,-72.41249848,oleander
226,236,227,63.17436189,41.78516483,59.74110812,-76.21407786,-51.15752907,-72.09317926,oleander
219,239,224,72.49827584,33.346664,61.37589103,-83.9685729,-39.94847533,-71.09568531,oleander
224,234,226,69.28924881,46.56178691,66.40783086,-84.98827981,-57.67685936,-82.31359199,oleander
217,232,220,77.27224599,47.81213235,70.42016757,-89.98555324,-56.71116843,-82.25810996,oleander
209,225,213,81.32035416,53.70288633,75.11990415,-87.16856384,-58.4323615,-81.45197718,oleander
215,228,217,77.32399369,52.54521862,73.06846105,-87.30552728,-60.54548864,-82.87007301,oleander
206,224,208,86.13361713,56.5331761,83.68990381,-91.99543141,-62.69381966,-90.58357409,oleander
213,228,215,77.55643107,52,75.01333215,-85.66191404,-59.42289285,-83.91203944,oleander
210,225,213,77.8524245,52.64978632,73.04792947,-82.41775704,-56.92202326,-78.08521259,oleander
215,229,218,80.61017306,52.41183073,74.18894796,-93.08440328,-60.99354944,-85.86842147,oleander
211,224,213,76.51143705,55.4977477,73.89181281,-81.2536882,-60.32554529,-79.31906428,oleander
219,232,222,72.09715667,46.24932432,66.88049043,-83.34491395,-54.26923157,-78.17836674,oleander
217,229,219,74.69270379,51.07837116,70.59036761,-85.50709561,-59.09159382,-81.094996,oleander
215,231,219,80.19975062,49.01020302,73.33484847,-92.78103959,-57.83464596,-85.77333497,oleander
214,232,218,75.4917214,42.77849927,68.81133628,-83.05352912,-47.96670144,-76.38750607,oleander
220,232,223,70.03570518,46.7653718,63.86704941,-81.0184889,-55.10832645,-74.36886681,oleander
217,229,219,70.88723439,48.34252786,68.02205525,-78.61366686,-54.15660984,-76.19542274,oleander
215,227,217,74.46475676,52.1919534,70.73895674,-82.32839752,-58.2026207,-78.47523797,oleander
222,237,225,71.04927867,40.17461885,63.52164985,-85.29741259,-49.56461989,-76.55002637,oleander
230,239,232,64.27285586,41.59326869,58.32666629,-84.15843116,-54.77428154,-76.30899135,yew plum pine
227,237,230,67.9337913,43.72642222,61.99193496,-87.24636208,-56.44176525,-80.11608148,yew plum pine
230,241,232,64.11708041,36.91882988,58.36951259,-84.17621737,-49.69521253,-76.89455404,yew plum pine
231,240,232,65.29931087,41.19465985,61.74139616,-87.31304846,-56.27027088,-82.65185377,yew plum pine
228,241,231,65.80273551,34.278273,59.05082557,-84.10785465,-45.04259342,-76.17560961,yew plum pine
229,237,230,67.28298448,47.21228654,65.16133823,-88.56688954,-62.82119452,-85.99918874,yew plum pine
229,239,232,64.79969136,38.89730068,58.66856058,-84.15094741,-50.74808489,-76.72460229,yew plum pine
231,242,233,63.66317617,34.75629439,56.95612346,-84.4315471,-47.05998076,-75.39495354,yew plum pine
227,236,228,69.59885057,47.48684028,66.52818951,-89.62788746,-62.07015991,-85.76345671,yew plum pine
227,237,228,69.02897942,46.16275555,66.66333325,-88.89327779,-60.65096737,-85.99148104,yew plum pine
228,238,230,70.04998216,43.9089968,65.67343451,-92.03393518,-58.57892287,-86.63012924,yew plum pine
227,237,229,71.73562574,46.66904756,68.18357573,-93.9343891,-62.29034819,-89.8432663,yew plum pine
233,242,234,60.27437266,34.6121366,55.36244214,-80.95892853,-47.33456762,-74.22018665,yew plum pine
234,244,236,59.59026766,30.11644069,53.79591063,-81.52481461,-41.61573154,-73.63627209,yew plum pine
232,241,234,61.44102864,36.57868232,56.15158057,-82.14780995,-49.66874356,-75.32880821,yew plum pine
230,240,232,65.81793069,39.58535083,60.39867548,-87.3837804,-53.41176827,-80.43770498,yew plum pine
230,241,233,65.41406577,35.08560959,57.75811631,-86.22144122,-46.61032884,-76.44938056,yew plum pine
230,240,232,65.55913361,38.63935817,59.26212956,-86.66999658,-52.34363148,-78.76407744,yew plum pine
233,242,235,61.57921727,37.88139385,57.32364259,-84.00122825,-52.73991482,-78.59532418,yew plum pine
231,241,233,63.14269554,37.58989226,57.87054518,-83.40964565,-50.79838381,-76.75165958,yew plum pine
227,239,229,68.14690015,39.69886648,63.19810124,-86.87841385,-51.52400929,-80.78998585,yew plum pine
231,240,232,64.45153218,38.47076812,59.85816569,-85.76146265,-51.41466371,-79.37100503,yew plum pine
231,240,232,64.10148204,38.41874542,59.58187644,-85.23294809,-51.33421411,-78.96024277,yew plum pine
228,238,229,69.3181073,44.12482295,65.60487787,-90.45453186,-58.46758376,-85.47234152,yew plum pine
222,234,224,72.42237223,47.27578661,67.83067153,-87.90955756,-58.53877674,-82.48223676,yew plum pine
226,238,227,68.20557162,40.58324778,63.96874237,-85.41883249,-51.76484051,-79.83455391,yew plum pine
228,241,231,66.27971032,34.525353,58.77924804,-84.80842669,-45.05606182,-75.36474182,yew plum pine
227,240,230,65.84071689,36.76955262,59.35486501,-83.11775032,-47.52261158,-75.26384112,yew plum pine
227,240,230,66.70082458,35.17101079,59.03388857,-84.39482497,-45.22390466,-74.81995331,yew plum pine
238,242,238,51.84592559,38.52272057,49.94997497,-73.05668956,-54.29932089,-70.12569254,yew plum pine
172,210,181,96.15612305,52.53570215,85.70880935,-65.0516355,-36.92949808,-58.63356144,japanese flowering cherry
160,204,172,93.93614853,51.0881591,82.13403679,16.27015251,-20.50624438,-22.8068257,japanese flowering cherry
149,221,173,114.5425685,38.4317577,89.74965181,-62.99529653,-27.41250428,-54.48140656,japanese flowering cherry
176,213,184,97.81104232,52.81098371,87.68124087,-74.46379034,-41.97069006,-67.01017147,japanese flowering cherry
167,211,179,96.40539404,49.13247399,84.13679338,-56.60775115,-33.16901352,-53.69524259,japanese flowering cherry
163,224,185,105.2805775,36.61966685,80.73413157,-69.26649027,-27.87186348,-55.59335531,japanese flowering cherry
155,225,182,113.3357843,34.20526275,83.7078252,-72.626604,-24.18605394,-56.93200058,japanese flowering cherry
159,215,178,105.6503668,43.92038251,85.51023331,-62.20294234,-26.80564595,-53.25508926,japanese flowering cherry
171,215,185,101.2472222,48.51803788,84.11301921,-73.9448091,-36.49196045,-61.73342013,japanese flowering cherry
168,218,184,103.1067408,43.50861984,83.45657553,-73.11060983,-31.16938153,-58.72011457,japanese flowering cherry
162,215,178,106.723943,45.90206967,88.35722947,-70.71058541,-31.36678435,-59.30513185,japanese flowering cherry
176,218,188,105.6314347,49.47726751,88.69047299,-89.33129899,-42.22647874,-74.45525292,japanese flowering cherry
163,216,180,103.8075142,44.35087372,84.35638684,-65.65166958,-29.75692469,-53.58483643,japanese flowering cherry
158,217,174,99.93998199,40.92676386,83.55836284,-43.41583232,-26.96016072,-40.10721238,japanese flowering cherry
166,209,179,96.75742866,50.71488933,83.17451533,-55.88731592,-32.57740917,-51.00474133,japanese flowering cherry
170,221,186,105.0951949,42.53234064,85.51608036,-80.03717023,-34.03226464,-66.24609684,japanese flowering cherry
161,224,181,107.0747403,36.57868232,84.27929758,-69.97237005,-27.66871487,-55.76935321,japanese flowering cherry
156,213,174,100.3244736,42.97673789,81.65782265,-36.13452753,-20.24368548,-29.06209446,japanese flowering cherry
163,219,181,103.1455283,40.90232267,82.8975271,-64.65266404,-27.96892812,-52.91442224,japanese flowering cherry
179,222,191,105.3375527,46.5188134,89.06739022,-92.81382572,-42.37272186,-79.2523045,japanese flowering cherry
161,220,180,106.400188,39.83716857,84.80566019,-68.32849989,-27.39741393,-55.20890251,japanese flowering cherry
173,222,187,103.024269,42.46174749,85.71464286,-80.32022689,-35.2930497,-67.76896797,japanese flowering cherry
156,210,174,93.66963222,42.62628297,77.07139547,40.59607329,14.58099736,27.10884276,japanese flowering cherry
164,201,176,92.25508116,55.58776844,80.64118055,-31.45866755,-26.10509729,-34.35244691,japanese flowering cherry
206,225,210,90.04998612,55,82.67405881,-98.93169454,-61.09811318,-90.95598241,japanese flowering cherry
171,214,184,116.7775663,58.02585631,99.483667,-102.7961217,-53.28351685,-89.03899314,japanese flowering cherry
167,204,175,111.718396,65.69627082,102.4011719,-88.45997104,-54.36312199,-82.56573885,japanese flowering cherry
189,220,195,109.904504,57.92236183,101.0049504,-112.7243916,-60.09688052,-104.5694539,japanese flowering cherry
161,208,174,119.8749348,60.68772528,104.3695358,-95.14533618,-50.54666797,-85.08347048,japanese flowering cherry
188,225,196,106.6395799,48.52834223,94.0797534,-105.8603834,-49.45038051,-94.13448383,japanese flowering cherry
178,221,189,91.91300234,40.9756025,79.18964579,-66.37701278,-30.31519532,-57.80074312,glossy privet
163,217,175,92.89241088,39.0256326,81.23422924,-31.10750053,-17.46141157,-31.11025602,glossy privet
172,230,182,85.91274643,25.8069758,74.4848978,-42.2371318,-14.55901434,-31.97426316,glossy privet
162,219,174,92.07062507,35.93048845,80.1623353,-12.90462747,-13.08231789,-14.8048803,glossy privet
174,207,179,90.53728514,53.52569476,84.71717653,-56.59890786,-33.11073908,-52.69409634,glossy privet
163,203,170,96.65919511,54.68089246,88.89881889,-49.46278194,-27.62903547,-44.14295789,glossy privet
173,213,179,92.45539465,47.54997371,85.76712657,-59.51083766,-31.10164347,-55.35723391,glossy privet
180,214,186,91.19210492,49.74937186,83.27664739,-68.94955355,-37.15952549,-61.95322521,glossy privet
180,210,184,91.66787878,54.47017533,86.33655078,-69.22916175,-40.31091044,-64.66701503,glossy privet
171,209,176,93.74966667,51.27377497,87.22958214,-58.48649456,-31.57678421,-52.08713203,glossy privet
174,225,182,81.64557551,30.82207001,73.10266753,-30.73940411,-16.49127178,-25.48698554,glossy privet
177,223,185,84.68175719,34.95711659,76.30203143,-49.81128866,-22.00550826,-46.25223753,glossy privet
183,230,191,88.42510956,30.90307428,77.55643107,-68.02803054,-24.74351087,-58.4992573,glossy privet
178,215,183,92.85472524,48.92851929,87.09764635,-68.32628654,-37.4043786,-64.80692211,glossy privet
176,228,186,86.84468896,30.33150178,75.6306816,-51.87395508,-20.37781774,-44.81786463,glossy privet
177,227,186,82.58329129,29.58039892,72.73238618,-43.44022264,-16.88971282,-38.23697707,glossy privet
175,228,181,82.20705566,28.58321186,75.09327533,-35.45368555,-17.33144292,-27.34223717,glossy privet
178,241,188,83.36666,16.18641406,72.2564876,-49.07997491,-13.49931409,-42.13223628,glossy privet
171,236,182,81.90848552,19.36491673,70.86607087,20.50228014,-11.81188117,19.34280814,glossy privet
184,235,195,84.95292814,24.14539294,71.41428429,-61.82041337,-19.60647433,-51.51082187,glossy privet
163,237,174,87.3842091,17.97220076,76.76587784,37.74763519,-11.22405544,32.78991113,glossy privet
174,250,186,86.59676668,7.211102551,73.4234295,-47.04673185,-8.644585472,-39.22833402,glossy privet
180,225,186,86.97700846,35.39774004,79.12648103,-59.68117926,-26.07865726,-52.90715917,glossy privet
190,242,199,80.81460264,17.4642492,69.5485442,-63.43380789,-17.14183526,-54.98986039,glossy privet
176,246,188,78.42831121,10.58300524,65.58200973,-21.13965872,-9.732930906,16.90605621,glossy privet
172,228,181,85.0529247,28.08914381,75.24626237,-36.71512418,-16.08290303,-29.53581784,glossy privet
173,213,180,88.49293757,45.50824101,81.0246876,-49.39128609,-26.22438923,-45.67301195,glossy privet
170,233,182,81.83520025,22.04540769,70.24243732,30.4437735,-11.34706141,25.91093787,glossy privet
174,219,183,89.35882721,39.94996871,79.58014828,-54.30599032,-25.49006405,-48.78189891,glossy privet
173,225,182,85.17628778,31.17691454,75.86830695,-40.4009672,-16.22722648,-36.06572356,glossy privet
209,235,218,85.01764523,37.05401463,69.97856815,-93.66650344,-41.64727275,-78.30893259,chinese toon
195,233,207,105.8678421,39.1535439,84.61087401,-112.8524715,-43.20757755,-90.81130646,chinese toon
199,222,205,92.56349172,54.63515352,82.08532146,-94.6577156,-56.25152588,-83.85623557,chinese toon
199,228,210,94.11694853,45.475268,75.88807548,-97.6400442,-47.86347199,-79.34559909,chinese toon
194,224,203,93.94147114,47.86439178,80.64118055,-91.03830453,-47.11350265,-78.86410435,chinese toon
205,230,213,87.74964387,42.87190222,73.69531871,-93.34710539,-45.57227976,-78.71864881,chinese toon
189,225,203,98.88882647,45.5521679,79.0506167,-93.70182414,-44.47909636,-76.22802018,chinese toon
182,218,194,101.0890696,51.29327441,84.25556361,-88.86677876,-45.75993394,-74.25466193,chinese toon
193,231,207,92.9247007,36.85105155,73.32121112,-87.95495284,-36.54295312,-70.95275572,chinese toon
208,230,215,89.22443611,46.44351408,76.51143705,-99.69661383,-51.86776064,-86.02369998,chinese toon
208,234,218,91.73875953,42.26109322,72.09715667,-104.5686613,-49.43674538,-82.58226261,chinese toon
201,230,210,95.25754563,43.38202393,78.319857,-101.6453788,-46.70923553,-83.45365375,chinese toon
199,234,212,96.61780374,36.11094017,74.22263806,-101.5986729,-39.20774524,-78.7901282,chinese toon
207,239,218,90.53728514,31,70.49822693,-100.9753559,-36.1097474,-79.55287018,chinese toon
198,232,208,97.50897395,40.48456496,80.32434251,-102.1842434,-43.89731564,-84.60788247,chinese toon
193,228,205,99.07572861,43.06971093,80.30566605,-98.7410503,-43.75466073,-80.82337167,chinese toon
196,229,207,97.713868,43.47413024,80.76509147,-100.171705,-45.28136466,-83.91923454,chinese toon
209,233,217,89.27485648,44.11349,74.96665926,-101.2775102,-51.51446478,-86.07083582,chinese toon
199,229,208,93.37558567,44.09081537,78.51751397,-96.07831428,-46.71717887,-81.38751466,chinese toon
203,235,215,97.01546269,37.12142239,75.34586916,-107.2542358,-42.01548937,-84.2406647,chinese toon
201,234,213,93.87225362,37.21558813,74.01351228,-99.38175224,-41.05307424,-79.50396193,chinese toon
202,234,212,92.21713507,37.8153408,75.03332593,-97.67202591,-41.91953604,-80.31614484,chinese toon
195,238,211,107.1867529,30.78960864,78.45380807,-115.2375932,-34.11838776,-85.00576662,chinese toon
188,232,204,108.6554186,38.11823711,84.36231386,-109.8404298,-39.96142114,-86.99154364,chinese toon
185,234,200,112.7563745,34.3074336,89.63258336,-112.9643033,-35.79357166,-91.41308797,chinese toon
187,232,204,111.5168149,37.49666652,85.29947245,-113.2836999,-38.75032258,-88.49586626,chinese toon
186,232,206,111.6109314,36.82390528,78.96834809,-112.2661612,-37.38459335,-79.85118167,chinese toon
193,233,208,107.8517501,37.84177586,82.28000972,-114.1965932,-40.53854989,-87.99539404,chinese toon
183,227,196,113.6661779,45.46427169,94.44575162,-112.1636903,-46.47260112,-94.80636459,chinese toon
190,234,206,110.0499886,35.77708764,84.27929758,-114.3047147,-38.23059234,-89.20740251,chinese toon
204,235,217,92.9408414,37.6696164,70.22819946,-101.5705383,-43.14678518,-78.13520272,peach
194,229,207,95.62949336,40.85339643,75.49834435,-94.32125633,-41.42236417,-75.49895471,peach
190,232,207,96.29122494,35.73513677,71.39327699,-90.83232013,-36.44283288,-68.98893612,peach
193,235,210,95.51963149,31.81194744,69.33974329,-92.76550938,-33.39710016,-68.84049131,peach
195,235,211,93.93082561,33.27160952,69.02897942,-92.61081436,-36.86142467,-69.92134021,peach
195,237,212,97.94386147,30.38091506,70.7036067,-99.38775926,-33.61798451,-73.38311129,peach
185,232,201,101.2570985,35.95830919,79.9124521,-93.26060945,-37.79203102,-76.27703601,peach
189,227,201,97.04122835,42.32020794,78.91767863,-90.54215957,-42.24740598,-74.05826918,peach
190,239,209,97.42176348,27.85677655,70.61161378,-92.68801301,-32.99326462,-70.50787096,peach
200,234,211,91.77690341,36.08323711,73.68853371,-94.69174323,-39.79351931,-76.78802665,peach
200,230,210,90.46546302,41.72529209,74.90660852,-92.33600355,-44.39147903,-77.72442751,peach
196,234,210,90.85703055,34.53983208,71.40728254,-88.87239214,-37.4010428,-72.75630252,peach
190,237,209,100.4738772,29.73213749,72.12489168,-97.989899,-32.49869817,-72.61617521,peach
187,231,202,98.98989847,36.34556369,78.21764507,-91.62123736,-36.56515541,-74.25853084,peach
195,230,207,94.73647661,40.13726448,75.72318007,-93.76772287,-41.74333263,-75.90963405,peach
191,231,205,99.87992791,37.85498646,78.52388172,-97.86633172,-39.70004801,-78.46451938,peach
185,229,201,97.46281342,37.2961124,75.92759709,-86.42796413,-36.94244766,-69.69692094,peach
175,226,193,99.33277405,37.38983819,77.29165544,-76.59544951,-32.91683989,-61.76462962,peach
181,228,204,98.34124262,36.87817783,68.27151675,-83.13733493,-34.80902791,-60.41070085,peach
197,244,208,106.0377291,21.09502311,86.64871609,-115.5431396,-25.49519325,-95.59500975,peach
181,231,188,114.6516463,37.17526059,103.7111373,-111.1560719,-37.54205652,-100.9983988,peach
189,238,199,110.5486318,29.29163703,94.22313941,-113.7960599,-32.42309231,-97.80176504,peach
178,231,186,115.7972366,37.64306045,104.5657688,-109.6046413,-38.208229,-100.0689524,peach
179,228,188,113.5209232,40.77989701,100.3145054,-107.0735803,-40.16680345,-95.30325989,peach
183,234,191,113.9210253,35.32704347,101.4544233,-112.3847841,-38.65329337,-101.0383803,peach
183,226,200,101.6070864,43.09292285,78.36453279,-92.76516076,-44.08917864,-74.16926193,peach
177,218,192,110.6254943,54.4885309,90.71934744,-100.0877563,-54.82123779,-85.75838075,peach
197,229,211,98.28021164,45.58508528,75.88807548,-103.1232383,-52.09008055,-82.7523951,peach
197,226,207,97.21625379,49.72926704,80.07496488,-101.3376927,-54.51126216,-84.43112626,peach
177,221,193,107.9907403,49.50757518,87.89766777,-95.95907544,-49.64779148,-81.9688063,peach
211,223,213,83.78544026,61.48983656,79.87490219,-94.46046889,-70.95897915,-90.55833972,ford woodlotus
207,221,210,90.23303165,65.18435395,86.03487665,-101.0097367,-75.09670488,-97.57199154,ford woodlotus
187,211,191,92.07605552,60.3158354,87.28688332,-80.25186248,-55.50877766,-77.89828952,ford woodlotus
202,217,204,88.44207144,64.77653896,85.53946458,-91.82492698,-69.80913994,-89.63307399,ford woodlotus
199,220,203,89.76636341,56.78908346,83.94045509,-91.42896135,-60.40604226,-87.63840952,ford woodlotus
197,215,201,94.44575162,67.48333128,88.72429205,-96.63596859,-73.20546358,-93.06993622,ford woodlotus
197,226,202,95.37295214,49.46716082,87.22384995,-98.18014899,-54.66395651,-91.02957619,ford woodlotus
206,221,209,87.05745229,62.8251542,82.27393269,-94.37323316,-71.08071229,-90.65862518,ford woodlotus
180,210,185,108.3835781,68.27151675,102.381639,-100.3820386,-69.20968212,-97.58035891,ford woodlotus
203,216,203,89.47066558,67.91170739,88.75809822,-94.3349676,-73.09638859,-93.39329339,ford woodlotus
202,219,206,86.71216754,61.29437168,82.38325072,-89.69659147,-67.33360019,-87.77369538,ford woodlotus
211,227,214,81.96950653,53.24471805,76.38062582,-91.28558192,-61.5433849,-85.91726314,ford woodlotus
204,218,206,85.14105942,62.68971207,82.71033793,-89.71829613,-66.64406178,-87.6995175,ford woodlotus
211,228,215,83.15046602,52.75414676,77.49193506,-94.71790741,-62.63167971,-89.63830141,ford woodlotus
187,220,195,94.41927769,52.46903849,86.97700846,-88.78541072,-55.9711799,-87.30548355,ford woodlotus
188,219,194,96.66436779,55.03635162,89.36442245,-93.75403479,-59.99833329,-90.05153427,ford woodlotus
201,228,205,93.84028985,50.71488933,88.20997676,-102.070789,-60.20963706,-97.56047092,ford woodlotus
202,223,206,83,50.8625599,76.15116545,-85.56349945,-54.07477068,-79.02087789,ford woodlotus
198,218,200,94.41927769,66.64082833,93.1611507,-102.4691321,-78.71993982,-102.612583,ford woodlotus
192,220,199,93.0376268,53.94441584,85.10581649,-90.93220406,-56.1944769,-86.78960036,ford woodlotus
200,225,204,89.47625383,50.18964037,82.60145277,-94.95133241,-55.77621147,-88.55490438,ford woodlotus
203,222,205,82.64381405,56.00892786,80.65358021,-86.84709125,-63.57795209,-86.24143442,ford woodlotus
208,231,212,93.1557835,48.948953,85.15280383,-107.0879703,-57.49411408,-98.28874994,ford woodlotus
204,225,208,93.32202312,56.05354583,87.16077099,-103.1127681,-63.55831954,-97.31646384,ford woodlotus
182,218,191,110.3675677,57.61076288,99.06058752,-105.9963806,-58.17988149,-98.43741031,ford woodlotus
191,218,195,107.9259005,64.66065264,101.8037327,-112.2375644,-70.10128196,-106.9106308,ford woodlotus
173,210,180,112.8671786,62.4899992,104.5035885,-99.21932127,-56.61929528,-93.80876316,ford woodlotus
187,219,194,108.9082182,59.43904441,98.49365462,-109.4294424,-61.9600853,-100.0632933,ford woodlotus
186,218,193,106.4612606,57.65414122,95.26804291,-104.042697,-57.5496232,-93.31806156,ford woodlotus
165,204,172,115.082579,65.7951366,106.4189833,-92.96688226,-54.79960129,-86.91425912,ford woodlotus
204,221,207,89.08422981,59.48949487,83.46855695,-94.48097375,-63.74278273,-88.61950935,trident maple
195,217,199,96.0104161,60.91797764,90.14987521,-96.12545086,-62.08685365,-90.96408034,trident maple
190,226,199,93.17188417,41.85689907,81.38181615,-85.07812886,-39.78278086,-75.90350172,trident maple
192,218,197,97.28823156,58.57473858,90.42123644,-94.58433351,-58.78732199,-88.91166592,trident maple
185,219,193,98.00510191,52,87.27542609,-87.32004375,-48.96109643,-78.85150763,trident maple
192,222,198,94.26027795,50.96076922,85.34635317,-89.42393379,-50.8469073,-81.65655481,trident maple
198,221,203,92.45539465,55.14526272,85.12343978,-93.3820947,-56.56954915,-86.82998461,trident maple
196,224,201,94.49338601,51.17616633,86.33075929,-94.50240282,-53.06992077,-86.60640452,trident maple
194,224,201,95.7183368,50.05996404,85.59205571,-94.35563935,-51.02753863,-85.52145421,trident maple
202,222,206,91.20307012,56.3116329,83.71977066,-96.18198264,-59.9356718,-88.44505937,trident maple
192,219,198,96.0104161,55.16339366,87.58424516,-92.30436373,-53.99874254,-85.09907709,trident maple
199,222,204,89.01123525,53.48831648,82.0548597,-88.57262597,-54.57121124,-82.6032744,trident maple
190,221,197,94.91048414,50.23942675,85.95347579,-87.99100287,-48.32619263,-81.20513973,trident maple
193,222,199,93.22016949,51.07837116,85.0470458,-88.80523838,-50.87409672,-82.33592121,trident maple
187,217,193,97.2059669,54.75399529,88.83692926,-88.34139082,-51.09287191,-81.41588672,trident maple
191,221,196,95.1104621,51.93264869,87.69264507,-89.77139513,-50.95626136,-83.25537064,trident maple
197,221,202,90,53.48831648,82.95179323,-87.97541496,-54.30033836,-82.28765717,trident maple
189,226,196,97.10303806,43.49712634,86.71216754,-91.02140945,-43.15108203,-81.89949018,trident maple
201,217,203,88.95504483,63.03173804,85.25843067,-91.20222307,-65.1660449,-87.43909776,trident maple
206,223,209,85.31119504,56.50663678,80.57915363,-90.88812077,-60.98118205,-86.37639244,trident maple
192,219,198,92.05433178,53.72150407,84.04760556,-85.96618465,-51.78759511,-79.65323871,trident maple
211,242,218,82.28000972,25.13961018,69.2820323,-91.69146804,-29.84213369,-77.56441402,trident maple
207,231,213,85.34049449,42.75511665,74.91995729,-92.06780603,-46.57332248,-81.09935479,trident maple
196,236,213,99.83486365,32,71.56116265,-104.1670761,-33.84182584,-75.26466493,trident maple
203,226,209,84.54584555,46.64761516,75.7627877,-85.82540746,-47.22078109,-77.53742209,trident maple
208,229,212,79.87490219,44.810713,74.02026749,-83.59570462,-47.75394922,-78.11505047,trident maple
205,239,217,90.98351499,29.18903904,69.88562084,-99.78657817,-32.81376579,-77.38715453,trident maple
189,220,196,91.22499657,49.24428901,82.43785538,-81.05929713,-45.14864426,-74.6156934,trident maple
199,221,203,89.95554458,54.39669108,83.57032966,-90.57244182,-54.74226519,-84.29750892,trident maple
200,229,206,91.24143795,43.58898944,80.08120878,-93.76309743,-45.51796577,-81.74748813,trident maple
187,212,193,92.31467922,58.56620186,84.53993139,-81.80177183,-52.4646474,-76.20053228,beals barberry
184,214,192,91.23595782,53.14132102,81.41867108,-74.90833245,-45.7923851,-69.64253137,beals barberry
184,212,189,98.30055951,60.19966777,91.09884741,-87.44716266,-55.36734816,-82.12374732,beals barberry
178,211,185,98.32090317,56.05354583,89.69949833,-80.90177597,-47.04733424,-75.60581919,beals barberry
179,214,188,90.87904049,50.65570057,81.5046011,-69.08377418,-42.49785456,-66.67519335,beals barberry
173,220,186,94.12757301,43.13930922,82.31038817,-66.0797933,-38.59184235,-66.37391074,beals barberry
181,208,187,96.46242792,60.14149982,88.63972022,-83.39201023,-50.9507406,-77.67749813,beals barberry
177,211,185,95.26279442,53.83307533,85.53361912,-77.43310217,-44.65112947,-70.51390501,beals barberry
164,199,171,102.3621024,62.57795139,94.50396817,-72.03052975,-43.93706567,-68.07229911,beals barberry
164,208,177,109.2428487,56.75385449,94.17536833,-81.00833121,-43.74159839,-72.82028729,beals barberry
181,222,194,93.66963222,43.15089802,79.4418026,-77.56518969,-38.75010059,-70.42281511,beals barberry
155,206,170,113.1768528,56.92978131,97.49871794,-74.34089131,-41.76321787,-70.16627141,beals barberry
169,200,178,108.5403151,69.23149572,98.74208829,-87.00920324,-56.35572872,-83.05261096,beals barberry
170,207,181,100.6280279,56.56854249,88.22698,-74.87903463,-42.56989652,-68.96140108,beals barberry
161,203,174,112.2140811,63.28506933,99.11104883,-82.88521415,-50.5465375,-80.25243181,beals barberry
182,214,190,96.72641831,54.98181518,86.02325267,-82.10684071,-48.53212878,-74.60347767,beals barberry
181,219,192,99.65942003,49.27473998,85.41662602,-86.4656997,-44.71290477,-76.78452153,beals barberry
171,200,175,88.77499648,58.08614293,83.86298349,-56.51074012,-37.77054712,-51.49737631,beals barberry
168,200,173,90.12213934,57.54128952,84.78797084,-49.78453954,-34.4762842,-45.80128522,beals barberry
167,196,170,90.84051959,61.97580173,87.21238444,-53.75483281,-40.27991167,-49.17871708,beals barberry
164,197,169,92.13034245,59.4726828,86.94250974,-47.83304263,-34.28962505,-44.26935325,beals barberry
163,188,166,87.97158632,64.02343321,84.50443775,-16.70900348,-19.1129012,24.23212272,beals barberry
172,201,175,85.77295611,56.35601121,81.73738435,-51.02139305,-37.10004577,-44.24620926,beals barberry
173,211,181,96.33275663,52.1440313,86.85044617,-73.55762368,-41.91023914,-67.01039417,beals barberry
168,201,174,93.10746479,58.62593283,86.90799733,-58.09358653,-39.65876389,-54.96515699,beals barberry
173,196,175,93.56815698,67.39436178,91.0604195,-65.67153917,-48.49176181,-63.22944803,beals barberry
167,197,171,87.22958214,58.06892456,83.03011502,-44.28142617,-33.67657563,-41.19832525,beals barberry
166,204,174,91.23047736,52.91502622,83.87490686,-51.77479033,-33.88484688,-51.13153283,beals barberry
174,196,176,91.89124006,67.2383819,89.57678271,-62.94855967,-47.51552586,-60.97876175,beals barberry
165,196,171,88.83692926,59.3211598,83.3366666,-40.23425049,-33.37586792,-39.86328325,beals barberry
156,197,163,117.7157594,71.49125821,112.1115516,-87.20680095,-58.65110569,-89.07627178,southern mongolia
156,193,162,119.8832766,77.87168934,115.5248891,-89.96414209,-65.06549611,-92.95677646,southern mongolia
162,203,171,111.9240814,66.8580586,104.1489318,-87.11101344,-60.99130934,-88.5255653,southern mongolia
144,205,161,122.6988183,75.96709814,114.0701539,-75.3266934,-82.31152567,-91.44343404,southern mongolia
169,196,174,112.6987134,80.14985964,108.9265808,-96.12797602,-73.14352198,-97.1901185,southern mongolia
171,210,181,115.04347,65.57438524,106.2355873,-101.3607658,-64.78413598,-101.2212904,southern mongolia
165,208,177,115.2171862,63.38769597,101.6464461,-95.14257447,-58.76551575,-88.91019009,southern mongolia
154,190,161,115.9396395,79.63667497,111.2519663,-82.63828659,-67.92826923,-86.99423047,southern mongolia
148,184,154,120.1915138,84.14867795,116.747591,-79.27713381,-66.3866197,-85.1898869,southern mongolia
170,200,180,102.5475499,67.56478373,93.04300081,-79.99098857,-56.33662045,-78.09592625,southern mongolia
170,197,176,101.0445446,70.20683727,95.60857702,-77.99786319,-58.05879887,-77.70080427,southern mongolia
167,194,172,115.5465274,83.41462701,111.202518,-97.6370372,-76.89393391,-98.28754228,southern mongolia
143,183,152,117.4180565,78.84795495,111.2789288,-63.97451785,-56.35509898,-73.83283425,southern mongolia
170,201,177,104.4222199,67.72739475,97.2368243,-82.78669767,-56.98080815,-80.33489817,southern mongolia
162,191,168,106.6302021,74.45804188,101.2521605,-76.16969239,-56.46069786,-76.30429708,southern mongolia
164,197,170,116.691902,78.65748534,111.8570516,-96.52697752,-72.93150515,-98.07882732,southern mongolia
158,205,166,119.8832766,70.59036761,113.8068539,-92.83278234,-69.20947335,-95.58669247,southern mongolia
153,189,162,115.3429668,76.26270386,107.0560601,-79.18771789,-57.80443447,-79.85604319,southern mongolia
153,195,164,116.6061748,70.55494313,106.5879918,-80.21183442,-55.30933137,-82.06929498,southern mongolia
161,187,166,106.855042,78.12809994,102.1714246,-74.97284943,-57.94872599,-75.11927687,southern mongolia
146,179,152,120.2829996,87.80091116,116.3013328,-75.45618264,-67.30550321,-81.38519976,southern mongolia
158,191,163,117.1153278,80.02499609,112.6143863,-88.93472468,-67.09920701,-89.90417785,southern mongolia
156,190,164,108.8622983,72.86974681,101.6267681,-71.24874728,-53.08648512,-71.71187581,southern mongolia
150,181,155,117.9788117,86.36550237,114.9652121,-78.91380868,-66.52172957,-83.77913444,southern mongolia
157,195,163,116.3829884,73.72245248,110.9098733,-86.90763969,-61.34455201,-87.63693389,southern mongolia
179,200,182,100.8017857,73.41661937,96.71607933,-87.2502593,-65.42241654,-84.65679372,southern mongolia
174,200,180,106.611444,73.93240156,100.9455299,-91.62469189,-66.72187371,-90.39537985,southern mongolia
158,187,164,114.1928194,83.29465769,110.140819,-84.98712608,-69.81132866,-88.5172703,southern mongolia
148,193,157,115.1390464,70.9013399,108.2127534,-72.15808885,-56.23002748,-77.04882494,southern mongolia
166,202,177,107.6382832,65.62773804,97.0051545,-83.67023965,-54.67142945,-80.57338062,southern mongolia
158,196,171,111.1125555,68.90573271,97.64732459,-75.01558195,-50.18941487,-69.64143171,canadian bipolar
151,188,163,109.2336944,71.07742258,97.34474819,-56.21083364,-39.5265004,-52.64976135,canadian bipolar
174,203,183,91.82592227,59.53150426,81.38181615,-59.96294008,-40.54037532,-52.84957942,canadian bipolar
145,197,161,109.3526406,61.24540799,95.07365566,-50.8957244,-46.32193821,-54.19760704,canadian bipolar
152,192,166,105.7497045,65.77993615,92.83318372,-53.09476342,-37.64771368,-52.93429618,canadian bipolar
170,207,183,104.0048076,59.4726828,89.15155635,-80.14940829,-47.76330231,-70.78830017,canadian bipolar
143,195,158,116.3615057,64.5987616,102.342562,-56.79551228,-42.05208957,-58.09714201,canadian bipolar
150,200,165,106.0942977,57.00877125,91.70059978,-45.9621617,-33.33962104,-45.19324304,canadian bipolar
142,189,156,118.0847154,70.91544261,104.8236615,-58.1366181,-43.43386259,-58.60824433,canadian bipolar
154,193,167,111.6154111,68.78226516,97.81615409,-67.63100302,-43.13872629,-61.23078392,canadian bipolar
151,192,163,109.46689,67.11929678,97.29850975,-58.81643609,-40.60982234,-54.96868741,canadian bipolar
133,186,146,121.4948559,73.19152956,111.1530476,-29.82340698,-49.92950064,-53.10197526,canadian bipolar
131,179,144,115.3906409,72.2564876,104.7759514,53.82499357,-10.09901634,35.11878011,canadian bipolar
137,180,148,102.7423963,66.39277069,94.03190948,54.74849353,27.59405809,44.866932,canadian bipolar
151,190,162,109.7497153,69.45502142,99.00505038,-54.87918384,-37.93571773,-53.15098752,canadian bipolar
174,206,183,100.2945662,61.84658438,90.37698822,-78.43814349,-50.26129875,-72.90109832,canadian bipolar
170,207,184,101.1137973,54.46099522,83.20456718,-81.5605582,-44.93785661,-67.141529,canadian bipolar
164,196,174,97.79570543,61.61980201,87.26969692,-64.56026657,-40.89742353,-59.51996599,canadian bipolar
167,209,183,101.3015301,49.53786431,81.67618992,-79.07342423,-40.04682018,-64.33958494,canadian bipolar
148,194,162,101.3952662,58.66856058,88.85381252,45.76248079,21.17094037,36.25690713,canadian bipolar
175,202,183,92.43916919,61.6116872,83.3366666,-62.65062338,-42.54339282,-56.90092567,canadian bipolar
184,214,194,92.52026805,54.07402334,79.4858478,-76.42285073,-45.62726517,-65.76723948,canadian bipolar
154,199,167,101.1928851,56.79788728,88.35157044,-33.60824864,-24.15524364,-30.78589898,canadian bipolar
183,211,192,93.40235543,57.37595315,82.49242389,-76.53204689,-47.52128317,-68.58392753,canadian bipolar
187,210,194,87.44712688,58.35237784,78.90500618,-70.83277447,-47.91869918,-64.57705671,canadian bipolar
175,206,184,95.43584232,58.55766389,85.59205571,-68.72070818,-42.37253621,-63.32759566,canadian bipolar
178,205,187,94.3504107,58.30094339,83.35466394,-80.94041241,-50.46682787,-72.70336875,canadian bipolar
177,204,185,99.13626985,61.83041323,88.05679985,-87.11022274,-54.22856933,-77.4095789,canadian bipolar
169,205,181,104.2880626,60.71243695,90.09994451,-77.42893242,-45.5198963,-67.57805328,canadian bipolar
155,192,167,113.5913729,71.31619732,99.72462083,-74.17089793,-46.19420103,-64.65704974,canadian bipolar
173,215,186,97.15451611,48.39421453,81.59656856,-72.95863047,-38.35788387,-60.14483528,chinese tulip tree
168,201,178,98.14275317,61.0900974,86.9655104,-64.43406117,-41.6599527,-57.90839682,chinese tulip tree
169,216,187,95.38343672,44.95553359,76.05918748,-59.87855063,-33.23915639,-50.15047999,chinese tulip tree
167,206,182,95.49869109,53.25410782,79.78721702,-55.44671996,-32.17546837,-48.3461665,chinese tulip tree
177,205,185,95.36246641,61.46543744,85.63877626,-72.64100975,-47.76067212,-65.62652544,chinese tulip tree
158,201,171,98.61034428,56.18718715,86.11620057,-37.88213712,-29.75692469,-39.15954802,chinese tulip tree
174,209,185,100.7323185,58.54912467,87.14929719,-78.98044701,-49.12283495,-69.34892914,chinese tulip tree
161,203,175,101.0148504,56.55086206,86.83317338,-56.62532548,-34.96677118,-52.03757147,chinese tulip tree
171,210,183,101.3656747,54.82700065,87.0804226,-75.3122978,-42.54339282,-65.48769265,chinese tulip tree
165,211,180,96.37427043,47.72839826,80.70315979,-56.24868145,-29.87354177,-47.44262694,chinese tulip tree
167,207,178,92.53107586,51.88448708,81.90848552,-50.46159221,-33.40486859,-47.55579777,chinese tulip tree
172,210,184,95.289034,52.44044241,81.84130986,-64.71050746,-37.43532556,-56.51856753,chinese tulip tree
159,208,175,96.57121724,48.09365863,81.35723692,-33.4683744,-23.66490322,-34.83651648,chinese tulip tree
154,217,180,116.211015,44.14748011,87.30406634,-78.3757348,-31.8104023,-61.76069739,chinese tulip tree
168,213,181,102.873709,50.7838557,87.79521627,-74.56962397,-39.78278086,-64.98113851,chinese tulip tree
184,220,194,101.5135459,51.07837116,88.57764955,-92.58931719,-48.24426986,-82.3357737,chinese tulip tree
151,211,172,105.2093152,46.14108798,85.1293134,-36.14728752,-26.72234893,-38.17623587,chinese tulip tree
156,223,182,113.3137238,37.64306045,84.84692098,-76.59306316,-28.2005164,-60.52675091,chinese tulip tree
167,221,186,113.1901056,44.32832052,89.08984229,-92.23310453,-37.3454379,-73.36119235,chinese tulip tree
153,214,176,108.6784247,45.2437841,85.7554663,-60.38493257,-29.83015131,-52.49877548,chinese tulip tree
169,216,184,102.420701,48.03123983,85.21736912,-74.77759297,-38.02422278,-63.78672496,chinese tulip tree
176,228,195,110.3811578,39.19183588,83.77350416,-98.80521508,-37.68952937,-75.7567825,chinese tulip tree
144,218,175,117.1836166,40.49691346,85.0470458,-60.55003488,-28.39408724,-48.23424275,chinese tulip tree
153,225,184,119.5784261,36.41428291,85.48684109,-83.722107,-29.67955226,-65.52505694,chinese tulip tree
169,216,187,109.1283648,49.45705208,86.51011502,-87.74127694,-40.4491054,-70.5762634,chinese tulip tree
153,215,182,112.3298714,44.96665431,81.44323176,-69.50880623,-30.81997636,-53.51276372,chinese tulip tree
157,230,187,117.260394,30.78960864,82.03048214,-85.19663817,-24.9379796,-61.36226253,chinese tulip tree
175,224,195,106.1743849,41.41255848,79.5361553,-90.22171672,-36.28503153,-67.96061733,chinese tulip tree
157,218,177,118.4947256,46.22769733,95.19453766,-88.08136414,-37.82351215,-73.55066154,chinese tulip tree
154,213,180,111.9330157,46.91481642,83.71977066,-69.15082878,-31.86958642,-53.53522006,chinese tulip tree
182,213,192,98.78258956,57.33236433,85.0940656,-86.22076864,-50.70611444,-74.193855,tangerine
186,216,196,97.74456507,55.88380803,83.156479,-89.59629887,-52.4857104,-76.19220739,tangerine
171,209,183,112.2274476,62.2655603,96.94328239,-95.65639606,-54.92408259,-84.41410222,tangerine
184,216,197,103.2182154,57.36723804,84.29116205,-96.77159567,-56.11011497,-80.22861689,tangerine
176,216,195,108.9265808,56.08921465,85.05880319,-96.60851172,-55.02313077,-80.13233306,tangerine
167,202,178,109.585583,65.97726881,95.47250913,-85.65873411,-52.43168742,-74.77020032,tangerine
166,214,189,111.8168145,52.30678732,83.61220007,-88.25562724,-44.0299383,-68.04444902,tangerine
154,194,162,108.4250893,64.97691898,99.26227884,-60.93516357,-34.90012342,-54.52337465,tangerine
167,213,187,104.1297268,51.91338941,81.81686868,-75.68614798,-43.89610473,-63.36713493,tangerine
170,209,185,98.85848471,54.5068803,82.10968274,-69.05323903,-41.43285217,-59.67799722,tangerine
165,201,177,115.5768143,69.63476143,100.9752445,-93.49193979,-57.97392804,-83.95982584,tangerine
156,193,163,118.7771022,74.26304599,110.833208,-87.17452964,-55.61901253,-83.28935635,tangerine
161,196,164,121.2806662,76.97402159,117.6902715,-97.76603217,-64.65043109,-95.90242545,tangerine
177,214,196,102.5475499,55.91958512,78.75912646,-87.51415281,-52.41470655,-70.53796389,tangerine
172,205,182,112.0357086,68.00735254,97.86214794,-96.5950811,-60.03054001,-84.73588143,tangerine
175,211,187,101.7349497,56.61271942,86.47543004,-82.95831845,-48.18347028,-71.53663339,tangerine
161,201,175,112.8627485,64.91532947,95.96353474,-83.76844771,-49.81719916,-72.20818092,tangerine
167,205,180,107.8239306,61.26989473,92.26592004,-82.08473296,-47.85008202,-71.3700183,tangerine
172,206,182,99.93998199,59.24525297,88.07950954,-74.53327943,-45.31645253,-66.22550655,tangerine
165,211,179,112.9955751,57.16642371,96.75742866,-90.58901734,-50.71298473,-81.72942744,tangerine
178,218,193,100.2895807,49.05099387,80.33679107,-84.78756641,-44.56737679,-68.99509872,tangerine
175,211,189,99.88993943,55.31726674,82.0548597,-79.8986738,-46.67039653,-66.53603866,tangerine
175,215,191,103.6194962,52.94336597,83.17451533,-85.77836386,-46.92851666,-70.53106288,tangerine
177,217,191,97.26767192,48.17675788,79.60527621,-76.83339477,-40.12316206,-62.84373804,tangerine
178,216,191,98.75727821,50.69516742,82.0548597,-81.49461116,-44.44098561,-68.63809674,tangerine
179,219,192,99.99499987,47.74934555,82.94576541,-85.1825833,-42.73060347,-71.51715239,tangerine
165,207,175,100.6876358,54.29548784,90.10549373,-65.86027988,-38.25680173,-60.37752698,tangerine
181,212,188,100.0949549,57.30619513,89.87769467,-87.26886481,-49.44410928,-77.58097676,tangerine
178,221,195,98.04590761,44.19275959,76.08547825,-79.95273249,-39.83116336,-63.08613397,tangerine
171,208,181,107.9907403,60.20797289,95.289034,-88.32819083,-50.23753641,-78.7553721,tangerine
